id,firstname,lastname,email,email2,profession
100,Gerrie,Margarete,Gerrie.Margarete@yopmail.com,Gerrie.Margarete@gmail.com,doctor
101,Corly,Diogenes,Corly.Diogenes@yopmail.com,Corly.Diogenes@gmail.com,firefighter
102,Bettine,Elephus,Bettine.Elephus@yopmail.com,Bettine.Elephus@gmail.com,developer
103,Ketti,Urias,Ketti.Urias@yopmail.com,Ketti.Urias@gmail.com,firefighter
104,Millie,Soneson,Millie.Soneson@yopmail.com,Millie.Soneson@gmail.com,developer
105,Kayla,Oster,Kayla.Oster@yopmail.com,Kayla.Oster@gmail.com,police officer
106,Elbertina,Quinn,Elbertina.Quinn@yopmail.com,Elbertina.Quinn@gmail.com,developer
107,Asia,Dielu,Asia.Dielu@yopmail.com,Asia.Dielu@gmail.com,doctor
108,Jobi,Ilka,Jobi.Ilka@yopmail.com,Jobi.Ilka@gmail.com,worker
109,Flory,Kunin,Flory.Kunin@yopmail.com,Flory.Kunin@gmail.com,police officer
110,Ginnie,Meter,Ginnie.Meter@yopmail.com,Ginnie.Meter@gmail.com,doctor
111,Livvyy,Zenas,Livvyy.Zenas@yopmail.com,Livvyy.Zenas@gmail.com,developer
112,Nonnah,Hashim,Nonnah.Hashim@yopmail.com,Nonnah.Hashim@gmail.com,developer
113,Xylina,Dash,Xylina.Dash@yopmail.com,Xylina.Dash@gmail.com,developer
114,Lory,Leonard,Lory.Leonard@yopmail.com,Lory.Leonard@gmail.com,developer
115,Annora,Ivens,Annora.Ivens@yopmail.com,Annora.Ivens@gmail.com,worker
116,Selma,Olnee,Selma.Olnee@yopmail.com,Selma.Olnee@gmail.com,police officer
117,Ashlee,Chandler,Ashlee.Chandler@yopmail.com,Ashlee.Chandler@gmail.com,doctor
118,Marcy,Bonilla,Marcy.Bonilla@yopmail.com,Marcy.Bonilla@gmail.com,worker
119,Yetty,Burnside,Yetty.Burnside@yopmail.com,Yetty.Burnside@gmail.com,worker
120,Consuela,Leary,Consuela.Leary@yopmail.com,Consuela.Leary@gmail.com,developer
121,Di,Lipson,Di.Lipson@yopmail.com,Di.Lipson@gmail.com,developer
122,Gavrielle,Ursulette,Gavrielle.Ursulette@yopmail.com,Gavrielle.Ursulette@gmail.com,firefighter
123,Sashenka,Bashemeth,Sashenka.Bashemeth@yopmail.com,Sashenka.Bashemeth@gmail.com,police officer
124,Jolyn,Pulsifer,Jolyn.Pulsifer@yopmail.com,Jolyn.Pulsifer@gmail.com,police officer
125,Sherrie,Ovid,Sherrie.Ovid@yopmail.com,Sherrie.Ovid@gmail.com,firefighter
126,Damaris,Loleta,Damaris.Loleta@yopmail.com,Damaris.Loleta@gmail.com,worker
127,Ruthe,Tice,Ruthe.Tice@yopmail.com,Ruthe.Tice@gmail.com,developer
128,Allyce,Nerita,Allyce.Nerita@yopmail.com,Allyce.Nerita@gmail.com,firefighter
129,Sonni,Karylin,Sonni.Karylin@yopmail.com,Sonni.Karylin@gmail.com,worker
130,Maryellen,Gino,Maryellen.Gino@yopmail.com,Maryellen.Gino@gmail.com,developer
131,Justinn,Weide,Justinn.Weide@yopmail.com,Justinn.Weide@gmail.com,developer
132,Zaria,Garrison,Zaria.Garrison@yopmail.com,Zaria.Garrison@gmail.com,doctor
133,Leanna,Faria,Leanna.Faria@yopmail.com,Leanna.Faria@gmail.com,police officer
134,Goldie,Sinegold,Goldie.Sinegold@yopmail.com,Goldie.Sinegold@gmail.com,worker
135,Roseline,Sprage,Roseline.Sprage@yopmail.com,Roseline.Sprage@gmail.com,firefighter
136,Charissa,Fairweather,Charissa.Fairweather@yopmail.com,Charissa.Fairweather@gmail.com,worker
137,Eadie,Thilda,Eadie.Thilda@yopmail.com,Eadie.Thilda@gmail.com,police officer
138,Alex,Yerkovich,Alex.Yerkovich@yopmail.com,Alex.Yerkovich@gmail.com,doctor
139,Audrie,Munn,Audrie.Munn@yopmail.com,Audrie.Munn@gmail.com,doctor
140,Jsandye,Kimmie,Jsandye.Kimmie@yopmail.com,Jsandye.Kimmie@gmail.com,worker
141,Agathe,Telfer,Agathe.Telfer@yopmail.com,Agathe.Telfer@gmail.com,police officer
142,Minne,Gusella,Minne.Gusella@yopmail.com,Minne.Gusella@gmail.com,police officer
143,Madelle,Wilkinson,Madelle.Wilkinson@yopmail.com,Madelle.Wilkinson@gmail.com,worker
144,Mariele,Nadia,Mariele.Nadia@yopmail.com,Mariele.Nadia@gmail.com,police officer
145,Brietta,Amand,Brietta.Amand@yopmail.com,Brietta.Amand@gmail.com,doctor
146,Fawne,Shaver,Fawne.Shaver@yopmail.com,Fawne.Shaver@gmail.com,worker
147,Rani,Cristi,Rani.Cristi@yopmail.com,Rani.Cristi@gmail.com,worker
148,Darci,Zrike,Darci.Zrike@yopmail.com,Darci.Zrike@gmail.com,doctor
149,Catharine,O'Rourke,Catharine.O'Rourke@yopmail.com,Catharine.O'Rourke@gmail.com,developer
150,Carly,Hourigan,Carly.Hourigan@yopmail.com,Carly.Hourigan@gmail.com,developer
151,Darlleen,Truc,Darlleen.Truc@yopmail.com,Darlleen.Truc@gmail.com,firefighter
152,Belva,Kirbee,Belva.Kirbee@yopmail.com,Belva.Kirbee@gmail.com,firefighter
153,Steffane,Ralfston,Steffane.Ralfston@yopmail.com,Steffane.Ralfston@gmail.com,firefighter
154,Carolina,Croix,Carolina.Croix@yopmail.com,Carolina.Croix@gmail.com,police officer
155,Petronia,Talia,Petronia.Talia@yopmail.com,Petronia.Talia@gmail.com,developer
156,Margarette,Hourigan,Margarette.Hourigan@yopmail.com,Margarette.Hourigan@gmail.com,police officer
157,Concettina,Tice,Concettina.Tice@yopmail.com,Concettina.Tice@gmail.com,police officer
158,Alie,Cecile,Alie.Cecile@yopmail.com,Alie.Cecile@gmail.com,developer
159,Mathilda,Lasley,Mathilda.Lasley@yopmail.com,Mathilda.Lasley@gmail.com,developer
160,Nyssa,Radu,Nyssa.Radu@yopmail.com,Nyssa.Radu@gmail.com,police officer
161,Lorenza,Philipp,Lorenza.Philipp@yopmail.com,Lorenza.Philipp@gmail.com,developer
162,Elora,Egbert,Elora.Egbert@yopmail.com,Elora.Egbert@gmail.com,firefighter
163,Rebeca,Herrera,Rebeca.Herrera@yopmail.com,Rebeca.Herrera@gmail.com,police officer
164,Ayn,Dosia,Ayn.Dosia@yopmail.com,Ayn.Dosia@gmail.com,doctor
165,Debee,Gwenore,Debee.Gwenore@yopmail.com,Debee.Gwenore@gmail.com,worker
166,Annecorinne,Seessel,Annecorinne.Seessel@yopmail.com,Annecorinne.Seessel@gmail.com,worker
167,Angela,Lory,Angela.Lory@yopmail.com,Angela.Lory@gmail.com,developer
168,Stevana,Zitvaa,Stevana.Zitvaa@yopmail.com,Stevana.Zitvaa@gmail.com,firefighter
169,Lizzie,Viddah,Lizzie.Viddah@yopmail.com,Lizzie.Viddah@gmail.com,police officer
170,Cindelyn,Hessler,Cindelyn.Hessler@yopmail.com,Cindelyn.Hessler@gmail.com,police officer
171,Sophia,Evvie,Sophia.Evvie@yopmail.com,Sophia.Evvie@gmail.com,police officer
172,Reeba,Erb,Reeba.Erb@yopmail.com,Reeba.Erb@gmail.com,doctor
173,Cam,Lareena,Cam.Lareena@yopmail.com,Cam.Lareena@gmail.com,developer
174,Mamie,Rosemary,Mamie.Rosemary@yopmail.com,Mamie.Rosemary@gmail.com,police officer
175,Sheree,Koehler,Sheree.Koehler@yopmail.com,Sheree.Koehler@gmail.com,firefighter
176,Sherrie,Creamer,Sherrie.Creamer@yopmail.com,Sherrie.Creamer@gmail.com,developer
177,Gilligan,Linehan,Gilligan.Linehan@yopmail.com,Gilligan.Linehan@gmail.com,developer
178,Lusa,Caitlin,Lusa.Caitlin@yopmail.com,Lusa.Caitlin@gmail.com,worker
179,Vita,Bendick,Vita.Bendick@yopmail.com,Vita.Bendick@gmail.com,doctor
180,Dode,Letsou,Dode.Letsou@yopmail.com,Dode.Letsou@gmail.com,police officer
181,Grier,Weaks,Grier.Weaks@yopmail.com,Grier.Weaks@gmail.com,firefighter
182,Claudina,Hylan,Claudina.Hylan@yopmail.com,Claudina.Hylan@gmail.com,worker
183,Selia,Quent,Selia.Quent@yopmail.com,Selia.Quent@gmail.com,developer
184,Beverley,Arvo,Beverley.Arvo@yopmail.com,Beverley.Arvo@gmail.com,worker
185,Myriam,Bennie,Myriam.Bennie@yopmail.com,Myriam.Bennie@gmail.com,police officer
186,Jorry,Willie,Jorry.Willie@yopmail.com,Jorry.Willie@gmail.com,doctor
187,Miquela,Ricarda,Miquela.Ricarda@yopmail.com,Miquela.Ricarda@gmail.com,worker
188,Kylynn,Amethist,Kylynn.Amethist@yopmail.com,Kylynn.Amethist@gmail.com,police officer
189,Vinita,Lanita,Vinita.Lanita@yopmail.com,Vinita.Lanita@gmail.com,developer
190,Norine,Roxanna,Norine.Roxanna@yopmail.com,Norine.Roxanna@gmail.com,doctor
191,Rori,Teddman,Rori.Teddman@yopmail.com,Rori.Teddman@gmail.com,developer
192,Drucie,Ilka,Drucie.Ilka@yopmail.com,Drucie.Ilka@gmail.com,developer
193,Kathi,Ahab,Kathi.Ahab@yopmail.com,Kathi.Ahab@gmail.com,doctor
194,Willetta,Jorgan,Willetta.Jorgan@yopmail.com,Willetta.Jorgan@gmail.com,firefighter
195,Dianemarie,Zrike,Dianemarie.Zrike@yopmail.com,Dianemarie.Zrike@gmail.com,doctor
196,Lindie,Eno,Lindie.Eno@yopmail.com,Lindie.Eno@gmail.com,firefighter
197,Constance,Chinua,Constance.Chinua@yopmail.com,Constance.Chinua@gmail.com,worker
198,Daune,Stephie,Daune.Stephie@yopmail.com,Daune.Stephie@gmail.com,worker
199,Shaine,Wenda,Shaine.Wenda@yopmail.com,Shaine.Wenda@gmail.com,police officer
200,Nessie,Isidore,Nessie.Isidore@yopmail.com,Nessie.Isidore@gmail.com,firefighter
201,Kittie,Drisko,Kittie.Drisko@yopmail.com,Kittie.Drisko@gmail.com,police officer
202,Valera,Melony,Valera.Melony@yopmail.com,Valera.Melony@gmail.com,worker
203,Nickie,Thad,Nickie.Thad@yopmail.com,Nickie.Thad@gmail.com,doctor
204,Gwyneth,Lea,Gwyneth.Lea@yopmail.com,Gwyneth.Lea@gmail.com,doctor
205,Rosaline,Anis,Rosaline.Anis@yopmail.com,Rosaline.Anis@gmail.com,police officer
206,Mahalia,Ophelia,Mahalia.Ophelia@yopmail.com,Mahalia.Ophelia@gmail.com,firefighter
207,Clo,Noam,Clo.Noam@yopmail.com,Clo.Noam@gmail.com,police officer
208,Cherilyn,Ackerley,Cherilyn.Ackerley@yopmail.com,Cherilyn.Ackerley@gmail.com,worker
209,Moyna,Sigfrid,Moyna.Sigfrid@yopmail.com,Moyna.Sigfrid@gmail.com,worker
210,Cordi,Berard,Cordi.Berard@yopmail.com,Cordi.Berard@gmail.com,doctor
211,Frank,Shaver,Frank.Shaver@yopmail.com,Frank.Shaver@gmail.com,developer
212,Selma,Kristi,Selma.Kristi@yopmail.com,Selma.Kristi@gmail.com,doctor
213,Katuscha,Whittaker,Katuscha.Whittaker@yopmail.com,Katuscha.Whittaker@gmail.com,firefighter
214,Fanchon,Nahum,Fanchon.Nahum@yopmail.com,Fanchon.Nahum@gmail.com,doctor
215,Oona,Cordi,Oona.Cordi@yopmail.com,Oona.Cordi@gmail.com,doctor
216,Nickie,August,Nickie.August@yopmail.com,Nickie.August@gmail.com,police officer
217,Cristabel,Wolfgram,Cristabel.Wolfgram@yopmail.com,Cristabel.Wolfgram@gmail.com,firefighter
218,Jean,Birdella,Jean.Birdella@yopmail.com,Jean.Birdella@gmail.com,police officer
219,Cathyleen,Hazlett,Cathyleen.Hazlett@yopmail.com,Cathyleen.Hazlett@gmail.com,firefighter
220,Drucie,Ferino,Drucie.Ferino@yopmail.com,Drucie.Ferino@gmail.com,police officer
221,Sheelagh,Masao,Sheelagh.Masao@yopmail.com,Sheelagh.Masao@gmail.com,doctor
222,Britni,Audly,Britni.Audly@yopmail.com,Britni.Audly@gmail.com,doctor
223,Karly,Sigfrid,Karly.Sigfrid@yopmail.com,Karly.Sigfrid@gmail.com,doctor
224,Nadine,Paine,Nadine.Paine@yopmail.com,Nadine.Paine@gmail.com,police officer
225,Sheree,Chobot,Sheree.Chobot@yopmail.com,Sheree.Chobot@gmail.com,developer
226,Larine,Jacqui,Larine.Jacqui@yopmail.com,Larine.Jacqui@gmail.com,developer
227,Jobi,Gilmour,Jobi.Gilmour@yopmail.com,Jobi.Gilmour@gmail.com,doctor
228,Gertrud,Adore,Gertrud.Adore@yopmail.com,Gertrud.Adore@gmail.com,police officer
229,Dennie,Henebry,Dennie.Henebry@yopmail.com,Dennie.Henebry@gmail.com,developer
230,Fayre,Tengdin,Fayre.Tengdin@yopmail.com,Fayre.Tengdin@gmail.com,firefighter
231,Adore,Eno,Adore.Eno@yopmail.com,Adore.Eno@gmail.com,worker
232,Sonni,Kenney,Sonni.Kenney@yopmail.com,Sonni.Kenney@gmail.com,firefighter
233,Barbi,Mendez,Barbi.Mendez@yopmail.com,Barbi.Mendez@gmail.com,developer
234,Genevra,Wenda,Genevra.Wenda@yopmail.com,Genevra.Wenda@gmail.com,police officer
235,Mara,Georgy,Mara.Georgy@yopmail.com,Mara.Georgy@gmail.com,worker
236,Hollie,Leffen,Hollie.Leffen@yopmail.com,Hollie.Leffen@gmail.com,police officer
237,Carlie,Hunfredo,Carlie.Hunfredo@yopmail.com,Carlie.Hunfredo@gmail.com,police officer
238,Sharai,Pulsifer,Sharai.Pulsifer@yopmail.com,Sharai.Pulsifer@gmail.com,doctor
239,Marti,Dreda,Marti.Dreda@yopmail.com,Marti.Dreda@gmail.com,developer
240,Carree,Madelene,Carree.Madelene@yopmail.com,Carree.Madelene@gmail.com,police officer
241,Jasmina,Meli,Jasmina.Meli@yopmail.com,Jasmina.Meli@gmail.com,doctor
242,Tarra,Alfons,Tarra.Alfons@yopmail.com,Tarra.Alfons@gmail.com,police officer
243,Sallie,Pernick,Sallie.Pernick@yopmail.com,Sallie.Pernick@gmail.com,developer
244,Viki,Dulciana,Viki.Dulciana@yopmail.com,Viki.Dulciana@gmail.com,firefighter
245,Jsandye,Joli,Jsandye.Joli@yopmail.com,Jsandye.Joli@gmail.com,worker
246,Dotty,Jary,Dotty.Jary@yopmail.com,Dotty.Jary@gmail.com,police officer
247,Henriette,Brenn,Henriette.Brenn@yopmail.com,Henriette.Brenn@gmail.com,firefighter
248,Yolane,Faust,Yolane.Faust@yopmail.com,Yolane.Faust@gmail.com,developer
249,Babita,Alisia,Babita.Alisia@yopmail.com,Babita.Alisia@gmail.com,doctor
250,Carree,Cath,Carree.Cath@yopmail.com,Carree.Cath@gmail.com,police officer
251,Emelina,Xerxes,Emelina.Xerxes@yopmail.com,Emelina.Xerxes@gmail.com,firefighter
252,Darlleen,Robertson,Darlleen.Robertson@yopmail.com,Darlleen.Robertson@gmail.com,developer
253,Andree,Pip,Andree.Pip@yopmail.com,Andree.Pip@gmail.com,police officer
254,Basia,Sherfield,Basia.Sherfield@yopmail.com,Basia.Sherfield@gmail.com,police officer
255,Fanchon,Alisia,Fanchon.Alisia@yopmail.com,Fanchon.Alisia@gmail.com,doctor
256,Cacilie,Lymann,Cacilie.Lymann@yopmail.com,Cacilie.Lymann@gmail.com,police officer
257,Lauryn,Kirstin,Lauryn.Kirstin@yopmail.com,Lauryn.Kirstin@gmail.com,worker
258,Shell,Tayib,Shell.Tayib@yopmail.com,Shell.Tayib@gmail.com,firefighter
259,Ileana,Azeria,Ileana.Azeria@yopmail.com,Ileana.Azeria@gmail.com,worker
260,Orsola,Sinegold,Orsola.Sinegold@yopmail.com,Orsola.Sinegold@gmail.com,police officer
261,Jobi,Tacye,Jobi.Tacye@yopmail.com,Jobi.Tacye@gmail.com,doctor
262,Aigneis,Hirsch,Aigneis.Hirsch@yopmail.com,Aigneis.Hirsch@gmail.com,worker
263,Jaime,Florina,Jaime.Florina@yopmail.com,Jaime.Florina@gmail.com,doctor
264,Ardys,Bendick,Ardys.Bendick@yopmail.com,Ardys.Bendick@gmail.com,worker
265,Bertine,Fosque,Bertine.Fosque@yopmail.com,Bertine.Fosque@gmail.com,worker
266,Jenda,Maribeth,Jenda.Maribeth@yopmail.com,Jenda.Maribeth@gmail.com,worker
267,Ebonee,Federica,Ebonee.Federica@yopmail.com,Ebonee.Federica@gmail.com,developer
268,Aimil,Blase,Aimil.Blase@yopmail.com,Aimil.Blase@gmail.com,police officer
269,Sybille,Dawkins,Sybille.Dawkins@yopmail.com,Sybille.Dawkins@gmail.com,firefighter
270,Lauryn,Marlie,Lauryn.Marlie@yopmail.com,Lauryn.Marlie@gmail.com,developer
271,Sherrie,Firmin,Sherrie.Firmin@yopmail.com,Sherrie.Firmin@gmail.com,doctor
272,Feliza,Mullane,Feliza.Mullane@yopmail.com,Feliza.Mullane@gmail.com,worker
273,Ricky,Borrell,Ricky.Borrell@yopmail.com,Ricky.Borrell@gmail.com,worker
274,Beatriz,Ashok,Beatriz.Ashok@yopmail.com,Beatriz.Ashok@gmail.com,firefighter
275,Tera,Eachern,Tera.Eachern@yopmail.com,Tera.Eachern@gmail.com,developer
276,Elsie,Merriott,Elsie.Merriott@yopmail.com,Elsie.Merriott@gmail.com,doctor
277,Kirbee,Concha,Kirbee.Concha@yopmail.com,Kirbee.Concha@gmail.com,developer
278,Merci,Parette,Merci.Parette@yopmail.com,Merci.Parette@gmail.com,police officer
279,Alexine,Tillford,Alexine.Tillford@yopmail.com,Alexine.Tillford@gmail.com,worker
280,Kimberley,Prouty,Kimberley.Prouty@yopmail.com,Kimberley.Prouty@gmail.com,worker
281,Leia,Bronk,Leia.Bronk@yopmail.com,Leia.Bronk@gmail.com,doctor
282,Gretal,Jillane,Gretal.Jillane@yopmail.com,Gretal.Jillane@gmail.com,developer
283,Madelle,Kunin,Madelle.Kunin@yopmail.com,Madelle.Kunin@gmail.com,worker
284,Aryn,Cleo,Aryn.Cleo@yopmail.com,Aryn.Cleo@gmail.com,worker
285,Deloria,O'Carroll,Deloria.O'Carroll@yopmail.com,Deloria.O'Carroll@gmail.com,police officer
286,Moyna,Belanger,Moyna.Belanger@yopmail.com,Moyna.Belanger@gmail.com,police officer
287,Wendi,Nikaniki,Wendi.Nikaniki@yopmail.com,Wendi.Nikaniki@gmail.com,worker
288,Wynne,Harned,Wynne.Harned@yopmail.com,Wynne.Harned@gmail.com,developer
289,Cissiee,Monaco,Cissiee.Monaco@yopmail.com,Cissiee.Monaco@gmail.com,firefighter
290,Amelia,Fennessy,Amelia.Fennessy@yopmail.com,Amelia.Fennessy@gmail.com,firefighter
291,Nonnah,Gombach,Nonnah.Gombach@yopmail.com,Nonnah.Gombach@gmail.com,police officer
292,Bobinette,Marijo,Bobinette.Marijo@yopmail.com,Bobinette.Marijo@gmail.com,doctor
293,Corina,Sisile,Corina.Sisile@yopmail.com,Corina.Sisile@gmail.com,worker
294,Alleen,Natica,Alleen.Natica@yopmail.com,Alleen.Natica@gmail.com,worker
295,Catrina,Annabella,Catrina.Annabella@yopmail.com,Catrina.Annabella@gmail.com,developer
296,Nicoli,Abram,Nicoli.Abram@yopmail.com,Nicoli.Abram@gmail.com,developer
297,Margette,Kesley,Margette.Kesley@yopmail.com,Margette.Kesley@gmail.com,firefighter
298,Vivia,Andrel,Vivia.Andrel@yopmail.com,Vivia.Andrel@gmail.com,doctor
299,Feliza,Teddman,Feliza.Teddman@yopmail.com,Feliza.Teddman@gmail.com,doctor
300,Taffy,Halsey,Taffy.Halsey@yopmail.com,Taffy.Halsey@gmail.com,developer
301,Merci,Pierette,Merci.Pierette@yopmail.com,Merci.Pierette@gmail.com,doctor
302,Addia,Celestine,Addia.Celestine@yopmail.com,Addia.Celestine@gmail.com,worker
303,Tracey,Cullin,Tracey.Cullin@yopmail.com,Tracey.Cullin@gmail.com,worker
304,Gabi,Pascia,Gabi.Pascia@yopmail.com,Gabi.Pascia@gmail.com,developer
305,Carolina,Poppy,Carolina.Poppy@yopmail.com,Carolina.Poppy@gmail.com,worker
306,Iseabal,Edvard,Iseabal.Edvard@yopmail.com,Iseabal.Edvard@gmail.com,worker
307,Nannie,Ellord,Nannie.Ellord@yopmail.com,Nannie.Ellord@gmail.com,firefighter
308,Lily,Boehike,Lily.Boehike@yopmail.com,Lily.Boehike@gmail.com,worker
309,Dyann,Shuler,Dyann.Shuler@yopmail.com,Dyann.Shuler@gmail.com,worker
310,Alyda,Morgun,Alyda.Morgun@yopmail.com,Alyda.Morgun@gmail.com,doctor
311,Ada,Louanna,Ada.Louanna@yopmail.com,Ada.Louanna@gmail.com,worker
312,Fayre,Saunderson,Fayre.Saunderson@yopmail.com,Fayre.Saunderson@gmail.com,doctor
313,Sandie,Belanger,Sandie.Belanger@yopmail.com,Sandie.Belanger@gmail.com,doctor
314,Elena,Rese,Elena.Rese@yopmail.com,Elena.Rese@gmail.com,firefighter
315,Merle,Gaynor,Merle.Gaynor@yopmail.com,Merle.Gaynor@gmail.com,worker
316,Melisent,Wadell,Melisent.Wadell@yopmail.com,Melisent.Wadell@gmail.com,police officer
317,Phylis,Ochs,Phylis.Ochs@yopmail.com,Phylis.Ochs@gmail.com,worker
318,Valera,Carolin,Valera.Carolin@yopmail.com,Valera.Carolin@gmail.com,firefighter
319,Rivalee,Deegan,Rivalee.Deegan@yopmail.com,Rivalee.Deegan@gmail.com,firefighter
320,Kenna,Kress,Kenna.Kress@yopmail.com,Kenna.Kress@gmail.com,firefighter
321,Odessa,Lowry,Odessa.Lowry@yopmail.com,Odessa.Lowry@gmail.com,worker
322,Harrietta,Valerio,Harrietta.Valerio@yopmail.com,Harrietta.Valerio@gmail.com,developer
323,Madelle,Hedve,Madelle.Hedve@yopmail.com,Madelle.Hedve@gmail.com,firefighter
324,Winifred,Luhe,Winifred.Luhe@yopmail.com,Winifred.Luhe@gmail.com,firefighter
325,Annaliese,Fadiman,Annaliese.Fadiman@yopmail.com,Annaliese.Fadiman@gmail.com,firefighter
326,Valera,Gilmour,Valera.Gilmour@yopmail.com,Valera.Gilmour@gmail.com,firefighter
327,Pamella,Dermott,Pamella.Dermott@yopmail.com,Pamella.Dermott@gmail.com,developer
328,Kate,Colbert,Kate.Colbert@yopmail.com,Kate.Colbert@gmail.com,developer
329,Margalo,Denis,Margalo.Denis@yopmail.com,Margalo.Denis@gmail.com,police officer
330,Tabbatha,Peonir,Tabbatha.Peonir@yopmail.com,Tabbatha.Peonir@gmail.com,doctor
331,Lolita,Cosenza,Lolita.Cosenza@yopmail.com,Lolita.Cosenza@gmail.com,worker
332,Lonnie,Tiffa,Lonnie.Tiffa@yopmail.com,Lonnie.Tiffa@gmail.com,firefighter
333,Laurene,Sisile,Laurene.Sisile@yopmail.com,Laurene.Sisile@gmail.com,doctor
334,Libbie,Mathilde,Libbie.Mathilde@yopmail.com,Libbie.Mathilde@gmail.com,worker
335,Evaleen,Kauppi,Evaleen.Kauppi@yopmail.com,Evaleen.Kauppi@gmail.com,firefighter
336,Oralee,Noelyn,Oralee.Noelyn@yopmail.com,Oralee.Noelyn@gmail.com,police officer
337,Verla,Yuille,Verla.Yuille@yopmail.com,Verla.Yuille@gmail.com,developer
338,Adriana,Tengdin,Adriana.Tengdin@yopmail.com,Adriana.Tengdin@gmail.com,developer
339,Dyann,Lissi,Dyann.Lissi@yopmail.com,Dyann.Lissi@gmail.com,developer
340,Brooks,Standing,Brooks.Standing@yopmail.com,Brooks.Standing@gmail.com,developer
341,Wilma,Philoo,Wilma.Philoo@yopmail.com,Wilma.Philoo@gmail.com,firefighter
342,Kary,Engdahl,Kary.Engdahl@yopmail.com,Kary.Engdahl@gmail.com,doctor
343,Eadie,Rossner,Eadie.Rossner@yopmail.com,Eadie.Rossner@gmail.com,police officer
344,Concettina,Harned,Concettina.Harned@yopmail.com,Concettina.Harned@gmail.com,worker
345,Jan,Elephus,Jan.Elephus@yopmail.com,Jan.Elephus@gmail.com,worker
346,Elfreda,Laurianne,Elfreda.Laurianne@yopmail.com,Elfreda.Laurianne@gmail.com,firefighter
347,Jerry,Cohdwell,Jerry.Cohdwell@yopmail.com,Jerry.Cohdwell@gmail.com,doctor
348,Kirstin,Ummersen,Kirstin.Ummersen@yopmail.com,Kirstin.Ummersen@gmail.com,worker
349,Winny,Hortensia,Winny.Hortensia@yopmail.com,Winny.Hortensia@gmail.com,firefighter
350,Linzy,Abernon,Linzy.Abernon@yopmail.com,Linzy.Abernon@gmail.com,firefighter
351,Jaclyn,Erlandson,Jaclyn.Erlandson@yopmail.com,Jaclyn.Erlandson@gmail.com,firefighter
352,Anallese,Erich,Anallese.Erich@yopmail.com,Anallese.Erich@gmail.com,police officer
353,Xylina,Uird,Xylina.Uird@yopmail.com,Xylina.Uird@gmail.com,developer
354,Dorice,Tufts,Dorice.Tufts@yopmail.com,Dorice.Tufts@gmail.com,doctor
355,Hallie,Vivle,Hallie.Vivle@yopmail.com,Hallie.Vivle@gmail.com,doctor
356,Katharina,Euridice,Katharina.Euridice@yopmail.com,Katharina.Euridice@gmail.com,doctor
357,Leia,Olin,Leia.Olin@yopmail.com,Leia.Olin@gmail.com,developer
358,Emma,Olympium,Emma.Olympium@yopmail.com,Emma.Olympium@gmail.com,police officer
359,Frieda,Thomasina,Frieda.Thomasina@yopmail.com,Frieda.Thomasina@gmail.com,developer
360,Cyb,Katrine,Cyb.Katrine@yopmail.com,Cyb.Katrine@gmail.com,worker
361,Adriana,Saint,Adriana.Saint@yopmail.com,Adriana.Saint@gmail.com,doctor
362,Robbi,Baylor,Robbi.Baylor@yopmail.com,Robbi.Baylor@gmail.com,firefighter
363,Arlena,Geffner,Arlena.Geffner@yopmail.com,Arlena.Geffner@gmail.com,developer
364,Gusty,Harday,Gusty.Harday@yopmail.com,Gusty.Harday@gmail.com,firefighter
365,Jemie,Killigrew,Jemie.Killigrew@yopmail.com,Jemie.Killigrew@gmail.com,worker
366,Margarette,Meter,Margarette.Meter@yopmail.com,Margarette.Meter@gmail.com,worker
367,Audrie,Joni,Audrie.Joni@yopmail.com,Audrie.Joni@gmail.com,doctor
368,Dode,Lymann,Dode.Lymann@yopmail.com,Dode.Lymann@gmail.com,worker
369,Magdalena,Ioab,Magdalena.Ioab@yopmail.com,Magdalena.Ioab@gmail.com,police officer
370,Mary,Gamaliel,Mary.Gamaliel@yopmail.com,Mary.Gamaliel@gmail.com,police officer
371,Dotty,Cornelia,Dotty.Cornelia@yopmail.com,Dotty.Cornelia@gmail.com,firefighter
372,Randa,Wenoa,Randa.Wenoa@yopmail.com,Randa.Wenoa@gmail.com,developer
373,Allyce,Whiffen,Allyce.Whiffen@yopmail.com,Allyce.Whiffen@gmail.com,doctor
374,Eugine,Howlyn,Eugine.Howlyn@yopmail.com,Eugine.Howlyn@gmail.com,doctor
375,Gretal,Francyne,Gretal.Francyne@yopmail.com,Gretal.Francyne@gmail.com,developer
376,Angelique,Adlare,Angelique.Adlare@yopmail.com,Angelique.Adlare@gmail.com,police officer
377,Kial,Beebe,Kial.Beebe@yopmail.com,Kial.Beebe@gmail.com,police officer
378,Julieta,Cornelia,Julieta.Cornelia@yopmail.com,Julieta.Cornelia@gmail.com,worker
379,Cherilyn,Dituri,Cherilyn.Dituri@yopmail.com,Cherilyn.Dituri@gmail.com,firefighter
380,Raina,Korey,Raina.Korey@yopmail.com,Raina.Korey@gmail.com,doctor
381,Myrtice,Cloris,Myrtice.Cloris@yopmail.com,Myrtice.Cloris@gmail.com,firefighter
382,Marguerite,Tybald,Marguerite.Tybald@yopmail.com,Marguerite.Tybald@gmail.com,developer
383,Stevana,Frendel,Stevana.Frendel@yopmail.com,Stevana.Frendel@gmail.com,developer
384,Lucy,Borrell,Lucy.Borrell@yopmail.com,Lucy.Borrell@gmail.com,doctor
385,Thalia,Hillel,Thalia.Hillel@yopmail.com,Thalia.Hillel@gmail.com,doctor
386,Sonni,Ludewig,Sonni.Ludewig@yopmail.com,Sonni.Ludewig@gmail.com,worker
387,Yetty,Lanita,Yetty.Lanita@yopmail.com,Yetty.Lanita@gmail.com,doctor
388,Vinita,Old,Vinita.Old@yopmail.com,Vinita.Old@gmail.com,doctor
389,Mariele,Oster,Mariele.Oster@yopmail.com,Mariele.Oster@gmail.com,police officer
390,Kate,Brunell,Kate.Brunell@yopmail.com,Kate.Brunell@gmail.com,worker
391,Gloria,Marsden,Gloria.Marsden@yopmail.com,Gloria.Marsden@gmail.com,police officer
392,Romona,Poppy,Romona.Poppy@yopmail.com,Romona.Poppy@gmail.com,developer
393,Caritta,Egbert,Caritta.Egbert@yopmail.com,Caritta.Egbert@gmail.com,firefighter
394,Merle,Zachary,Merle.Zachary@yopmail.com,Merle.Zachary@gmail.com,worker
395,Annecorinne,Dichy,Annecorinne.Dichy@yopmail.com,Annecorinne.Dichy@gmail.com,worker
396,Gusella,Daveta,Gusella.Daveta@yopmail.com,Gusella.Daveta@gmail.com,police officer
397,Althea,Gaspard,Althea.Gaspard@yopmail.com,Althea.Gaspard@gmail.com,worker
398,Orsola,Bevin,Orsola.Bevin@yopmail.com,Orsola.Bevin@gmail.com,doctor
399,Abbie,Geffner,Abbie.Geffner@yopmail.com,Abbie.Geffner@gmail.com,doctor
400,Gianina,Amethist,Gianina.Amethist@yopmail.com,Gianina.Amethist@gmail.com,firefighter
401,Penelopa,Drus,Penelopa.Drus@yopmail.com,Penelopa.Drus@gmail.com,developer
402,Rivalee,Henrie,Rivalee.Henrie@yopmail.com,Rivalee.Henrie@gmail.com,police officer
403,Joy,McLaughlin,Joy.McLaughlin@yopmail.com,Joy.McLaughlin@gmail.com,police officer
404,Jerry,Hutchison,Jerry.Hutchison@yopmail.com,Jerry.Hutchison@gmail.com,police officer
405,Lolita,Desai,Lolita.Desai@yopmail.com,Lolita.Desai@gmail.com,police officer
406,Jessy,Lubin,Jessy.Lubin@yopmail.com,Jessy.Lubin@gmail.com,doctor
407,Charissa,Clara,Charissa.Clara@yopmail.com,Charissa.Clara@gmail.com,firefighter
408,Gusty,Dielu,Gusty.Dielu@yopmail.com,Gusty.Dielu@gmail.com,worker
409,Jean,Vastah,Jean.Vastah@yopmail.com,Jean.Vastah@gmail.com,police officer
410,Eolanda,Hunfredo,Eolanda.Hunfredo@yopmail.com,Eolanda.Hunfredo@gmail.com,worker
411,Beverley,Callista,Beverley.Callista@yopmail.com,Beverley.Callista@gmail.com,developer
412,Fred,Othilia,Fred.Othilia@yopmail.com,Fred.Othilia@gmail.com,doctor
413,Barbara,Gavrila,Barbara.Gavrila@yopmail.com,Barbara.Gavrila@gmail.com,worker
414,Daphne,Gunn,Daphne.Gunn@yopmail.com,Daphne.Gunn@gmail.com,police officer
415,Rebeca,Parette,Rebeca.Parette@yopmail.com,Rebeca.Parette@gmail.com,firefighter
416,Dolli,Belldas,Dolli.Belldas@yopmail.com,Dolli.Belldas@gmail.com,doctor
417,Gale,Hieronymus,Gale.Hieronymus@yopmail.com,Gale.Hieronymus@gmail.com,worker
418,Layla,Heidt,Layla.Heidt@yopmail.com,Layla.Heidt@gmail.com,worker
419,Jerry,Hertzfeld,Jerry.Hertzfeld@yopmail.com,Jerry.Hertzfeld@gmail.com,doctor
420,Marika,Amethist,Marika.Amethist@yopmail.com,Marika.Amethist@gmail.com,worker
421,Jaime,Yate,Jaime.Yate@yopmail.com,Jaime.Yate@gmail.com,developer
422,Maryellen,Talia,Maryellen.Talia@yopmail.com,Maryellen.Talia@gmail.com,developer
423,Berta,Morgun,Berta.Morgun@yopmail.com,Berta.Morgun@gmail.com,police officer
424,Marjie,Montgomery,Marjie.Montgomery@yopmail.com,Marjie.Montgomery@gmail.com,doctor
425,Nonnah,Sharl,Nonnah.Sharl@yopmail.com,Nonnah.Sharl@gmail.com,firefighter
426,Marline,Hoban,Marline.Hoban@yopmail.com,Marline.Hoban@gmail.com,worker
427,Jessamyn,Tillford,Jessamyn.Tillford@yopmail.com,Jessamyn.Tillford@gmail.com,firefighter
428,Desirae,Rheingold,Desirae.Rheingold@yopmail.com,Desirae.Rheingold@gmail.com,firefighter
429,Magdalena,Rozanna,Magdalena.Rozanna@yopmail.com,Magdalena.Rozanna@gmail.com,developer
430,Livvyy,Ioab,Livvyy.Ioab@yopmail.com,Livvyy.Ioab@gmail.com,police officer
431,Esmeralda,Berriman,Esmeralda.Berriman@yopmail.com,Esmeralda.Berriman@gmail.com,doctor
432,Janenna,Bonilla,Janenna.Bonilla@yopmail.com,Janenna.Bonilla@gmail.com,developer
433,Stevana,Elsinore,Stevana.Elsinore@yopmail.com,Stevana.Elsinore@gmail.com,developer
434,Tani,Martsen,Tani.Martsen@yopmail.com,Tani.Martsen@gmail.com,doctor
435,Evita,Bevin,Evita.Bevin@yopmail.com,Evita.Bevin@gmail.com,doctor
436,Netty,Lea,Netty.Lea@yopmail.com,Netty.Lea@gmail.com,worker
437,Dianemarie,Maples,Dianemarie.Maples@yopmail.com,Dianemarie.Maples@gmail.com,developer
438,Claresta,Tiffa,Claresta.Tiffa@yopmail.com,Claresta.Tiffa@gmail.com,developer
439,Gilligan,Randene,Gilligan.Randene@yopmail.com,Gilligan.Randene@gmail.com,worker
440,Gertrud,Decato,Gertrud.Decato@yopmail.com,Gertrud.Decato@gmail.com,worker
441,Kirstin,Karylin,Kirstin.Karylin@yopmail.com,Kirstin.Karylin@gmail.com,police officer
442,Jeanna,Daegal,Jeanna.Daegal@yopmail.com,Jeanna.Daegal@gmail.com,developer
443,Sherrie,Chesna,Sherrie.Chesna@yopmail.com,Sherrie.Chesna@gmail.com,firefighter
444,Merrie,Maryanne,Merrie.Maryanne@yopmail.com,Merrie.Maryanne@gmail.com,firefighter
445,Micheline,Uird,Micheline.Uird@yopmail.com,Micheline.Uird@gmail.com,worker
446,Berta,Arley,Berta.Arley@yopmail.com,Berta.Arley@gmail.com,developer
447,Cindelyn,Gaal,Cindelyn.Gaal@yopmail.com,Cindelyn.Gaal@gmail.com,doctor
448,Livvyy,Ovid,Livvyy.Ovid@yopmail.com,Livvyy.Ovid@gmail.com,doctor
449,Lorne,Posner,Lorne.Posner@yopmail.com,Lorne.Posner@gmail.com,developer
450,Madeleine,Crudden,Madeleine.Crudden@yopmail.com,Madeleine.Crudden@gmail.com,firefighter
451,Tamqrah,Daveta,Tamqrah.Daveta@yopmail.com,Tamqrah.Daveta@gmail.com,worker
452,Beth,Fadiman,Beth.Fadiman@yopmail.com,Beth.Fadiman@gmail.com,firefighter
453,Lolita,Agle,Lolita.Agle@yopmail.com,Lolita.Agle@gmail.com,worker
454,Lynde,Ax,Lynde.Ax@yopmail.com,Lynde.Ax@gmail.com,worker
455,Shirlee,Leffen,Shirlee.Leffen@yopmail.com,Shirlee.Leffen@gmail.com,doctor
456,Kimberley,Schenck,Kimberley.Schenck@yopmail.com,Kimberley.Schenck@gmail.com,doctor
457,Paulita,Lissi,Paulita.Lissi@yopmail.com,Paulita.Lissi@gmail.com,worker
458,Flory,Agle,Flory.Agle@yopmail.com,Flory.Agle@gmail.com,developer
459,Phylis,Stevy,Phylis.Stevy@yopmail.com,Phylis.Stevy@gmail.com,police officer
460,Tilly,Ader,Tilly.Ader@yopmail.com,Tilly.Ader@gmail.com,worker
461,Violet,Bultman,Violet.Bultman@yopmail.com,Violet.Bultman@gmail.com,developer
462,Nerta,Brenn,Nerta.Brenn@yopmail.com,Nerta.Brenn@gmail.com,doctor
463,Dale,Amadas,Dale.Amadas@yopmail.com,Dale.Amadas@gmail.com,worker
464,Frances,Kenwood,Frances.Kenwood@yopmail.com,Frances.Kenwood@gmail.com,developer
465,Betta,Trinetta,Betta.Trinetta@yopmail.com,Betta.Trinetta@gmail.com,worker
466,Arlina,Urias,Arlina.Urias@yopmail.com,Arlina.Urias@gmail.com,worker
467,Alisha,Hortensia,Alisha.Hortensia@yopmail.com,Alisha.Hortensia@gmail.com,doctor
468,Damaris,Stanwood,Damaris.Stanwood@yopmail.com,Damaris.Stanwood@gmail.com,worker
469,Rayna,Elisha,Rayna.Elisha@yopmail.com,Rayna.Elisha@gmail.com,developer
470,Hyacinthe,Baptlsta,Hyacinthe.Baptlsta@yopmail.com,Hyacinthe.Baptlsta@gmail.com,doctor
471,Joleen,Gino,Joleen.Gino@yopmail.com,Joleen.Gino@gmail.com,police officer
472,Mireielle,Pearse,Mireielle.Pearse@yopmail.com,Mireielle.Pearse@gmail.com,worker
473,Elora,Annabella,Elora.Annabella@yopmail.com,Elora.Annabella@gmail.com,doctor
474,Desirae,Winnick,Desirae.Winnick@yopmail.com,Desirae.Winnick@gmail.com,doctor
475,Emilia,Moina,Emilia.Moina@yopmail.com,Emilia.Moina@gmail.com,police officer
476,Myrtice,Delila,Myrtice.Delila@yopmail.com,Myrtice.Delila@gmail.com,firefighter
477,Gui,Fadiman,Gui.Fadiman@yopmail.com,Gui.Fadiman@gmail.com,police officer
478,Jasmina,Alisia,Jasmina.Alisia@yopmail.com,Jasmina.Alisia@gmail.com,developer
479,Alia,Maxi,Alia.Maxi@yopmail.com,Alia.Maxi@gmail.com,worker
480,Jessy,Ashok,Jessy.Ashok@yopmail.com,Jessy.Ashok@gmail.com,developer
481,Talya,Shaver,Talya.Shaver@yopmail.com,Talya.Shaver@gmail.com,developer
482,Joeann,Muriel,Joeann.Muriel@yopmail.com,Joeann.Muriel@gmail.com,police officer
483,Michaelina,Sinegold,Michaelina.Sinegold@yopmail.com,Michaelina.Sinegold@gmail.com,developer
484,Sonni,Klotz,Sonni.Klotz@yopmail.com,Sonni.Klotz@gmail.com,doctor
485,Deloria,Sherrie,Deloria.Sherrie@yopmail.com,Deloria.Sherrie@gmail.com,worker
486,Nickie,Carri,Nickie.Carri@yopmail.com,Nickie.Carri@gmail.com,worker
487,Nicoli,Ochs,Nicoli.Ochs@yopmail.com,Nicoli.Ochs@gmail.com,firefighter
488,Carmela,Lail,Carmela.Lail@yopmail.com,Carmela.Lail@gmail.com,police officer
489,Kirstin,Neils,Kirstin.Neils@yopmail.com,Kirstin.Neils@gmail.com,police officer
490,Jolyn,Garlinda,Jolyn.Garlinda@yopmail.com,Jolyn.Garlinda@gmail.com,police officer
491,Evita,Peg,Evita.Peg@yopmail.com,Evita.Peg@gmail.com,doctor
492,Regina,Ophelia,Regina.Ophelia@yopmail.com,Regina.Ophelia@gmail.com,firefighter
493,Bernie,Erich,Bernie.Erich@yopmail.com,Bernie.Erich@gmail.com,police officer
494,Audrie,Ellord,Audrie.Ellord@yopmail.com,Audrie.Ellord@gmail.com,doctor
495,Brena,Curren,Brena.Curren@yopmail.com,Brena.Curren@gmail.com,developer
496,Ira,Ajay,Ira.Ajay@yopmail.com,Ira.Ajay@gmail.com,worker
497,Leeanne,Bollay,Leeanne.Bollay@yopmail.com,Leeanne.Bollay@gmail.com,doctor
498,Marita,Crudden,Marita.Crudden@yopmail.com,Marita.Crudden@gmail.com,doctor
499,Basia,Alwin,Basia.Alwin@yopmail.com,Basia.Alwin@gmail.com,worker
500,Renae,Dalli,Renae.Dalli@yopmail.com,Renae.Dalli@gmail.com,firefighter
501,Gusty,Virgin,Gusty.Virgin@yopmail.com,Gusty.Virgin@gmail.com,doctor
502,Dale,Leler,Dale.Leler@yopmail.com,Dale.Leler@gmail.com,developer
503,Odessa,Lymann,Odessa.Lymann@yopmail.com,Odessa.Lymann@gmail.com,developer
504,Renae,Sperling,Renae.Sperling@yopmail.com,Renae.Sperling@gmail.com,firefighter
505,Jennica,Cimbura,Jennica.Cimbura@yopmail.com,Jennica.Cimbura@gmail.com,worker
506,Audrie,Chaing,Audrie.Chaing@yopmail.com,Audrie.Chaing@gmail.com,firefighter
507,Jenda,Fitzsimmons,Jenda.Fitzsimmons@yopmail.com,Jenda.Fitzsimmons@gmail.com,developer
508,Gwyneth,Swigart,Gwyneth.Swigart@yopmail.com,Gwyneth.Swigart@gmail.com,doctor
509,Deane,Bertold,Deane.Bertold@yopmail.com,Deane.Bertold@gmail.com,firefighter
510,Emma,Lynn,Emma.Lynn@yopmail.com,Emma.Lynn@gmail.com,worker
511,Georgetta,Cutlerr,Georgetta.Cutlerr@yopmail.com,Georgetta.Cutlerr@gmail.com,firefighter
512,Marguerite,Andrel,Marguerite.Andrel@yopmail.com,Marguerite.Andrel@gmail.com,firefighter
513,Violet,Tengdin,Violet.Tengdin@yopmail.com,Violet.Tengdin@gmail.com,police officer
514,Farrah,Drisko,Farrah.Drisko@yopmail.com,Farrah.Drisko@gmail.com,firefighter
515,Amii,Halla,Amii.Halla@yopmail.com,Amii.Halla@gmail.com,developer
516,Katleen,Roche,Katleen.Roche@yopmail.com,Katleen.Roche@gmail.com,police officer
517,Jany,Lynn,Jany.Lynn@yopmail.com,Jany.Lynn@gmail.com,doctor
518,Alia,Dorine,Alia.Dorine@yopmail.com,Alia.Dorine@gmail.com,firefighter
519,Lucille,Sibyls,Lucille.Sibyls@yopmail.com,Lucille.Sibyls@gmail.com,doctor
520,Wilma,Cutlerr,Wilma.Cutlerr@yopmail.com,Wilma.Cutlerr@gmail.com,firefighter
521,Kellen,Lorain,Kellen.Lorain@yopmail.com,Kellen.Lorain@gmail.com,doctor
522,Melodie,Idelia,Melodie.Idelia@yopmail.com,Melodie.Idelia@gmail.com,firefighter
523,Kassey,Lalitta,Kassey.Lalitta@yopmail.com,Kassey.Lalitta@gmail.com,police officer
524,Linet,Juan,Linet.Juan@yopmail.com,Linet.Juan@gmail.com,doctor
525,Tarra,Hashim,Tarra.Hashim@yopmail.com,Tarra.Hashim@gmail.com,firefighter
526,Lusa,Philoo,Lusa.Philoo@yopmail.com,Lusa.Philoo@gmail.com,doctor
527,Lita,Goddard,Lita.Goddard@yopmail.com,Lita.Goddard@gmail.com,worker
528,Marleah,Regan,Marleah.Regan@yopmail.com,Marleah.Regan@gmail.com,worker
529,Ashlee,Denis,Ashlee.Denis@yopmail.com,Ashlee.Denis@gmail.com,doctor
530,Shell,Prouty,Shell.Prouty@yopmail.com,Shell.Prouty@gmail.com,firefighter
531,Elbertina,Bultman,Elbertina.Bultman@yopmail.com,Elbertina.Bultman@gmail.com,developer
532,Dari,Alva,Dari.Alva@yopmail.com,Dari.Alva@gmail.com,doctor
533,Hope,Noelyn,Hope.Noelyn@yopmail.com,Hope.Noelyn@gmail.com,worker
534,Judy,Tarrant,Judy.Tarrant@yopmail.com,Judy.Tarrant@gmail.com,firefighter
535,Rosene,Holbrook,Rosene.Holbrook@yopmail.com,Rosene.Holbrook@gmail.com,doctor
536,Danika,Anderea,Danika.Anderea@yopmail.com,Danika.Anderea@gmail.com,doctor
537,Abbie,Kendrick,Abbie.Kendrick@yopmail.com,Abbie.Kendrick@gmail.com,worker
538,Ericka,Michella,Ericka.Michella@yopmail.com,Ericka.Michella@gmail.com,worker
539,Mignon,Gerge,Mignon.Gerge@yopmail.com,Mignon.Gerge@gmail.com,doctor
540,Leona,Ochs,Leona.Ochs@yopmail.com,Leona.Ochs@gmail.com,doctor
541,Esmeralda,Engdahl,Esmeralda.Engdahl@yopmail.com,Esmeralda.Engdahl@gmail.com,police officer
542,Augustine,Markman,Augustine.Markman@yopmail.com,Augustine.Markman@gmail.com,police officer
543,Darci,Berard,Darci.Berard@yopmail.com,Darci.Berard@gmail.com,doctor
544,Cecile,Rolf,Cecile.Rolf@yopmail.com,Cecile.Rolf@gmail.com,firefighter
545,Lorne,Sheedy,Lorne.Sheedy@yopmail.com,Lorne.Sheedy@gmail.com,police officer
546,Eadie,McClimans,Eadie.McClimans@yopmail.com,Eadie.McClimans@gmail.com,worker
547,Natka,Sharl,Natka.Sharl@yopmail.com,Natka.Sharl@gmail.com,police officer
548,Rori,Gavrila,Rori.Gavrila@yopmail.com,Rori.Gavrila@gmail.com,police officer
549,Julieta,Ferino,Julieta.Ferino@yopmail.com,Julieta.Ferino@gmail.com,worker
550,Celene,Serilda,Celene.Serilda@yopmail.com,Celene.Serilda@gmail.com,developer
551,Lilith,Alisia,Lilith.Alisia@yopmail.com,Lilith.Alisia@gmail.com,police officer
552,Aryn,Chabot,Aryn.Chabot@yopmail.com,Aryn.Chabot@gmail.com,doctor
553,Gratia,Destinee,Gratia.Destinee@yopmail.com,Gratia.Destinee@gmail.com,worker
554,Nadine,Wadell,Nadine.Wadell@yopmail.com,Nadine.Wadell@gmail.com,developer
555,Bernardine,Yerkovich,Bernardine.Yerkovich@yopmail.com,Bernardine.Yerkovich@gmail.com,police officer
556,Karena,Kelula,Karena.Kelula@yopmail.com,Karena.Kelula@gmail.com,doctor
557,Misha,Firmin,Misha.Firmin@yopmail.com,Misha.Firmin@gmail.com,firefighter
558,Trixi,Ambrosia,Trixi.Ambrosia@yopmail.com,Trixi.Ambrosia@gmail.com,worker
559,Cristine,Louanna,Cristine.Louanna@yopmail.com,Cristine.Louanna@gmail.com,developer
560,Margarette,Trey,Margarette.Trey@yopmail.com,Margarette.Trey@gmail.com,worker
561,Mariann,Agle,Mariann.Agle@yopmail.com,Mariann.Agle@gmail.com,firefighter
562,Taffy,Fadiman,Taffy.Fadiman@yopmail.com,Taffy.Fadiman@gmail.com,doctor
563,Wynne,Tomasina,Wynne.Tomasina@yopmail.com,Wynne.Tomasina@gmail.com,police officer
564,Kathi,Berl,Kathi.Berl@yopmail.com,Kathi.Berl@gmail.com,firefighter
565,Pearline,Uund,Pearline.Uund@yopmail.com,Pearline.Uund@gmail.com,worker
566,Blinni,Eliathas,Blinni.Eliathas@yopmail.com,Blinni.Eliathas@gmail.com,developer
567,Grier,Cherianne,Grier.Cherianne@yopmail.com,Grier.Cherianne@gmail.com,firefighter
568,Sadie,Kolnick,Sadie.Kolnick@yopmail.com,Sadie.Kolnick@gmail.com,developer
569,Veda,Longfellow,Veda.Longfellow@yopmail.com,Veda.Longfellow@gmail.com,police officer
570,Gabi,Bearnard,Gabi.Bearnard@yopmail.com,Gabi.Bearnard@gmail.com,worker
571,Kristina,Tufts,Kristina.Tufts@yopmail.com,Kristina.Tufts@gmail.com,police officer
572,Valeda,Chinua,Valeda.Chinua@yopmail.com,Valeda.Chinua@gmail.com,developer
573,Tera,Alva,Tera.Alva@yopmail.com,Tera.Alva@gmail.com,worker
574,Asia,Jerald,Asia.Jerald@yopmail.com,Asia.Jerald@gmail.com,doctor
575,Ottilie,Bivins,Ottilie.Bivins@yopmail.com,Ottilie.Bivins@gmail.com,developer
576,Mireielle,Garek,Mireielle.Garek@yopmail.com,Mireielle.Garek@gmail.com,police officer
577,Katharina,Karylin,Katharina.Karylin@yopmail.com,Katharina.Karylin@gmail.com,firefighter
578,Marleah,Zaslow,Marleah.Zaslow@yopmail.com,Marleah.Zaslow@gmail.com,police officer
579,Emmey,Rebecka,Emmey.Rebecka@yopmail.com,Emmey.Rebecka@gmail.com,police officer
580,Nessie,Philipp,Nessie.Philipp@yopmail.com,Nessie.Philipp@gmail.com,police officer
581,Kittie,Koziara,Kittie.Koziara@yopmail.com,Kittie.Koziara@gmail.com,firefighter
582,Tiffie,Winnick,Tiffie.Winnick@yopmail.com,Tiffie.Winnick@gmail.com,doctor
583,Ardeen,Ioab,Ardeen.Ioab@yopmail.com,Ardeen.Ioab@gmail.com,developer
584,Marita,Philoo,Marita.Philoo@yopmail.com,Marita.Philoo@gmail.com,developer
585,Starla,Tyson,Starla.Tyson@yopmail.com,Starla.Tyson@gmail.com,police officer
586,Molli,Atcliffe,Molli.Atcliffe@yopmail.com,Molli.Atcliffe@gmail.com,developer
587,Evita,Soneson,Evita.Soneson@yopmail.com,Evita.Soneson@gmail.com,developer
588,Latisha,Dowski,Latisha.Dowski@yopmail.com,Latisha.Dowski@gmail.com,doctor
589,Ellette,Noam,Ellette.Noam@yopmail.com,Ellette.Noam@gmail.com,developer
590,Claudina,Old,Claudina.Old@yopmail.com,Claudina.Old@gmail.com,developer
591,Aaren,Means,Aaren.Means@yopmail.com,Aaren.Means@gmail.com,doctor
592,Dorothy,Geffner,Dorothy.Geffner@yopmail.com,Dorothy.Geffner@gmail.com,worker
593,Quintina,Durante,Quintina.Durante@yopmail.com,Quintina.Durante@gmail.com,doctor
594,Winifred,Candy,Winifred.Candy@yopmail.com,Winifred.Candy@gmail.com,developer
595,Sadie,Devlen,Sadie.Devlen@yopmail.com,Sadie.Devlen@gmail.com,doctor
596,Sharai,Pillsbury,Sharai.Pillsbury@yopmail.com,Sharai.Pillsbury@gmail.com,worker
597,Doro,Bari,Doro.Bari@yopmail.com,Doro.Bari@gmail.com,doctor
598,Leeanne,Burnside,Leeanne.Burnside@yopmail.com,Leeanne.Burnside@gmail.com,doctor
599,Jennica,Minetta,Jennica.Minetta@yopmail.com,Jennica.Minetta@gmail.com,police officer
600,Thalia,Amand,Thalia.Amand@yopmail.com,Thalia.Amand@gmail.com,developer
601,Anestassia,Larochelle,Anestassia.Larochelle@yopmail.com,Anestassia.Larochelle@gmail.com,firefighter
602,Renae,Fitzsimmons,Renae.Fitzsimmons@yopmail.com,Renae.Fitzsimmons@gmail.com,doctor
603,Lizzie,Adalbert,Lizzie.Adalbert@yopmail.com,Lizzie.Adalbert@gmail.com,police officer
604,Danika,Rhu,Danika.Rhu@yopmail.com,Danika.Rhu@gmail.com,police officer
605,Therine,Abbot,Therine.Abbot@yopmail.com,Therine.Abbot@gmail.com,worker
606,Lexine,Dituri,Lexine.Dituri@yopmail.com,Lexine.Dituri@gmail.com,firefighter
607,Kimmy,Demitria,Kimmy.Demitria@yopmail.com,Kimmy.Demitria@gmail.com,firefighter
608,Fanny,Alva,Fanny.Alva@yopmail.com,Fanny.Alva@gmail.com,developer
609,Anallese,Radu,Anallese.Radu@yopmail.com,Anallese.Radu@gmail.com,doctor
610,Jaime,Hepsibah,Jaime.Hepsibah@yopmail.com,Jaime.Hepsibah@gmail.com,developer
611,Joane,Radu,Joane.Radu@yopmail.com,Joane.Radu@gmail.com,firefighter
612,Tonia,Olin,Tonia.Olin@yopmail.com,Tonia.Olin@gmail.com,doctor
613,Mildrid,Raychel,Mildrid.Raychel@yopmail.com,Mildrid.Raychel@gmail.com,firefighter
614,Roz,Radu,Roz.Radu@yopmail.com,Roz.Radu@gmail.com,firefighter
615,Dorothy,Wandie,Dorothy.Wandie@yopmail.com,Dorothy.Wandie@gmail.com,worker
616,Andeee,Brodench,Andeee.Brodench@yopmail.com,Andeee.Brodench@gmail.com,police officer
617,Asia,Sheng,Asia.Sheng@yopmail.com,Asia.Sheng@gmail.com,worker
618,Mara,Milson,Mara.Milson@yopmail.com,Mara.Milson@gmail.com,doctor
619,Priscilla,Winnick,Priscilla.Winnick@yopmail.com,Priscilla.Winnick@gmail.com,doctor
620,Dotty,Ricki,Dotty.Ricki@yopmail.com,Dotty.Ricki@gmail.com,police officer
621,Gwyneth,Johanna,Gwyneth.Johanna@yopmail.com,Gwyneth.Johanna@gmail.com,developer
622,Ardys,Arathorn,Ardys.Arathorn@yopmail.com,Ardys.Arathorn@gmail.com,doctor
623,Adriana,Marisa,Adriana.Marisa@yopmail.com,Adriana.Marisa@gmail.com,worker
624,Cyndie,Trinetta,Cyndie.Trinetta@yopmail.com,Cyndie.Trinetta@gmail.com,developer
625,Angelique,Amadas,Angelique.Amadas@yopmail.com,Angelique.Amadas@gmail.com,worker
626,Tracey,Gavrila,Tracey.Gavrila@yopmail.com,Tracey.Gavrila@gmail.com,worker
627,Lila,Quent,Lila.Quent@yopmail.com,Lila.Quent@gmail.com,doctor
628,Janey,Talia,Janey.Talia@yopmail.com,Janey.Talia@gmail.com,doctor
629,Tobe,Brandice,Tobe.Brandice@yopmail.com,Tobe.Brandice@gmail.com,worker
630,Fanny,Vorster,Fanny.Vorster@yopmail.com,Fanny.Vorster@gmail.com,police officer
631,Misha,Raseda,Misha.Raseda@yopmail.com,Misha.Raseda@gmail.com,worker
632,Aimil,Erich,Aimil.Erich@yopmail.com,Aimil.Erich@gmail.com,doctor
633,Jackie,Vacuva,Jackie.Vacuva@yopmail.com,Jackie.Vacuva@gmail.com,developer
634,Pollyanna,Giule,Pollyanna.Giule@yopmail.com,Pollyanna.Giule@gmail.com,firefighter
635,Heida,Liva,Heida.Liva@yopmail.com,Heida.Liva@gmail.com,police officer
636,Miquela,Couture,Miquela.Couture@yopmail.com,Miquela.Couture@gmail.com,doctor
637,Gerrie,Louanna,Gerrie.Louanna@yopmail.com,Gerrie.Louanna@gmail.com,firefighter
638,Dania,Aida,Dania.Aida@yopmail.com,Dania.Aida@gmail.com,worker
639,Wanda,Jefferey,Wanda.Jefferey@yopmail.com,Wanda.Jefferey@gmail.com,developer
640,Dorthy,Sibyls,Dorthy.Sibyls@yopmail.com,Dorthy.Sibyls@gmail.com,firefighter
641,Mellicent,Abernon,Mellicent.Abernon@yopmail.com,Mellicent.Abernon@gmail.com,firefighter
642,Babita,Edmund,Babita.Edmund@yopmail.com,Babita.Edmund@gmail.com,developer
643,Marti,Suzetta,Marti.Suzetta@yopmail.com,Marti.Suzetta@gmail.com,police officer
644,Mignon,Kalinda,Mignon.Kalinda@yopmail.com,Mignon.Kalinda@gmail.com,worker
645,Arlina,Ovid,Arlina.Ovid@yopmail.com,Arlina.Ovid@gmail.com,police officer
646,Annabela,Neva,Annabela.Neva@yopmail.com,Annabela.Neva@gmail.com,firefighter
647,Lenna,Pauly,Lenna.Pauly@yopmail.com,Lenna.Pauly@gmail.com,doctor
648,Nerta,Cohdwell,Nerta.Cohdwell@yopmail.com,Nerta.Cohdwell@gmail.com,firefighter
649,Chastity,Lea,Chastity.Lea@yopmail.com,Chastity.Lea@gmail.com,firefighter
650,Alyssa,Bakerman,Alyssa.Bakerman@yopmail.com,Alyssa.Bakerman@gmail.com,firefighter
651,Berta,Maroney,Berta.Maroney@yopmail.com,Berta.Maroney@gmail.com,developer
652,Joane,Mike,Joane.Mike@yopmail.com,Joane.Mike@gmail.com,firefighter
653,Ileana,Tice,Ileana.Tice@yopmail.com,Ileana.Tice@gmail.com,worker
654,Ermengarde,Kalinda,Ermengarde.Kalinda@yopmail.com,Ermengarde.Kalinda@gmail.com,firefighter
655,Aigneis,Cordi,Aigneis.Cordi@yopmail.com,Aigneis.Cordi@gmail.com,doctor
656,Margarette,Burnside,Margarette.Burnside@yopmail.com,Margarette.Burnside@gmail.com,worker
657,Ellette,Ackerley,Ellette.Ackerley@yopmail.com,Ellette.Ackerley@gmail.com,police officer
658,Rosaline,Herrera,Rosaline.Herrera@yopmail.com,Rosaline.Herrera@gmail.com,firefighter
659,Vere,Wattenberg,Vere.Wattenberg@yopmail.com,Vere.Wattenberg@gmail.com,firefighter
660,Charmaine,Trey,Charmaine.Trey@yopmail.com,Charmaine.Trey@gmail.com,developer
661,Reeba,Emmaline,Reeba.Emmaline@yopmail.com,Reeba.Emmaline@gmail.com,doctor
662,Rosaline,Cloris,Rosaline.Cloris@yopmail.com,Rosaline.Cloris@gmail.com,police officer
663,Nicoli,Lareena,Nicoli.Lareena@yopmail.com,Nicoli.Lareena@gmail.com,police officer
664,Margette,Florina,Margette.Florina@yopmail.com,Margette.Florina@gmail.com,doctor
665,Latisha,Yam,Latisha.Yam@yopmail.com,Latisha.Yam@gmail.com,police officer
666,Dotty,Dudley,Dotty.Dudley@yopmail.com,Dotty.Dudley@gmail.com,police officer
667,Concettina,Corilla,Concettina.Corilla@yopmail.com,Concettina.Corilla@gmail.com,worker
668,Agathe,Anton,Agathe.Anton@yopmail.com,Agathe.Anton@gmail.com,developer
669,Atlanta,Edison,Atlanta.Edison@yopmail.com,Atlanta.Edison@gmail.com,police officer
670,Nariko,Bethany,Nariko.Bethany@yopmail.com,Nariko.Bethany@gmail.com,police officer
671,Micheline,Carlson,Micheline.Carlson@yopmail.com,Micheline.Carlson@gmail.com,worker
672,Corly,Kiersten,Corly.Kiersten@yopmail.com,Corly.Kiersten@gmail.com,doctor
673,Lonnie,Eckblad,Lonnie.Eckblad@yopmail.com,Lonnie.Eckblad@gmail.com,worker
674,Lynnea,Narton,Lynnea.Narton@yopmail.com,Lynnea.Narton@gmail.com,police officer
675,Sheelagh,Ezar,Sheelagh.Ezar@yopmail.com,Sheelagh.Ezar@gmail.com,firefighter
676,Delilah,Morehouse,Delilah.Morehouse@yopmail.com,Delilah.Morehouse@gmail.com,worker
677,Patricia,Maurine,Patricia.Maurine@yopmail.com,Patricia.Maurine@gmail.com,doctor
678,Daryl,Christal,Daryl.Christal@yopmail.com,Daryl.Christal@gmail.com,worker
679,Christal,Turne,Christal.Turne@yopmail.com,Christal.Turne@gmail.com,firefighter
680,Althea,Seagraves,Althea.Seagraves@yopmail.com,Althea.Seagraves@gmail.com,police officer
681,Lynea,Saree,Lynea.Saree@yopmail.com,Lynea.Saree@gmail.com,worker
682,Amelia,Zina,Amelia.Zina@yopmail.com,Amelia.Zina@gmail.com,developer
683,Minne,Audly,Minne.Audly@yopmail.com,Minne.Audly@gmail.com,firefighter
684,Feliza,Delacourt,Feliza.Delacourt@yopmail.com,Feliza.Delacourt@gmail.com,doctor
685,Gusty,Magdalen,Gusty.Magdalen@yopmail.com,Gusty.Magdalen@gmail.com,doctor
686,Melina,Schonfeld,Melina.Schonfeld@yopmail.com,Melina.Schonfeld@gmail.com,developer
687,Kimmy,Mallon,Kimmy.Mallon@yopmail.com,Kimmy.Mallon@gmail.com,worker
688,Madelle,Ophelia,Madelle.Ophelia@yopmail.com,Madelle.Ophelia@gmail.com,doctor
689,Hyacinthe,Wattenberg,Hyacinthe.Wattenberg@yopmail.com,Hyacinthe.Wattenberg@gmail.com,firefighter
690,Delilah,Hoenack,Delilah.Hoenack@yopmail.com,Delilah.Hoenack@gmail.com,firefighter
691,Courtnay,Glovsky,Courtnay.Glovsky@yopmail.com,Courtnay.Glovsky@gmail.com,worker
692,Elmira,Dituri,Elmira.Dituri@yopmail.com,Elmira.Dituri@gmail.com,developer
693,Genevra,Keily,Genevra.Keily@yopmail.com,Genevra.Keily@gmail.com,firefighter
694,Lexine,Yoko,Lexine.Yoko@yopmail.com,Lexine.Yoko@gmail.com,police officer
695,Arabel,Lacombe,Arabel.Lacombe@yopmail.com,Arabel.Lacombe@gmail.com,firefighter
696,Juliane,Wittie,Juliane.Wittie@yopmail.com,Juliane.Wittie@gmail.com,doctor
697,Andree,Drus,Andree.Drus@yopmail.com,Andree.Drus@gmail.com,developer
698,Marylou,Gerge,Marylou.Gerge@yopmail.com,Marylou.Gerge@gmail.com,developer
699,Gilda,Salchunas,Gilda.Salchunas@yopmail.com,Gilda.Salchunas@gmail.com,developer
700,Kara-Lynn,Haerr,Kara-Lynn.Haerr@yopmail.com,Kara-Lynn.Haerr@gmail.com,doctor
701,Kimberley,Frendel,Kimberley.Frendel@yopmail.com,Kimberley.Frendel@gmail.com,developer
702,Flory,Kylander,Flory.Kylander@yopmail.com,Flory.Kylander@gmail.com,developer
703,Rochette,Emmy,Rochette.Emmy@yopmail.com,Rochette.Emmy@gmail.com,firefighter
704,Shandie,Holbrook,Shandie.Holbrook@yopmail.com,Shandie.Holbrook@gmail.com,doctor
705,Lila,Paine,Lila.Paine@yopmail.com,Lila.Paine@gmail.com,police officer
706,Merrie,Brandice,Merrie.Brandice@yopmail.com,Merrie.Brandice@gmail.com,worker
707,Jan,Wu,Jan.Wu@yopmail.com,Jan.Wu@gmail.com,firefighter
708,Bernie,Phaidra,Bernie.Phaidra@yopmail.com,Bernie.Phaidra@gmail.com,police officer
709,Alie,Sherrie,Alie.Sherrie@yopmail.com,Alie.Sherrie@gmail.com,doctor
710,Sophia,Edvard,Sophia.Edvard@yopmail.com,Sophia.Edvard@gmail.com,doctor
711,Hannis,Denis,Hannis.Denis@yopmail.com,Hannis.Denis@gmail.com,police officer
712,Nariko,Rosemary,Nariko.Rosemary@yopmail.com,Nariko.Rosemary@gmail.com,doctor
713,Rosaline,Lia,Rosaline.Lia@yopmail.com,Rosaline.Lia@gmail.com,doctor
714,Miquela,Cosenza,Miquela.Cosenza@yopmail.com,Miquela.Cosenza@gmail.com,doctor
715,Caritta,Grosz,Caritta.Grosz@yopmail.com,Caritta.Grosz@gmail.com,police officer
716,Kara-Lynn,Colbert,Kara-Lynn.Colbert@yopmail.com,Kara-Lynn.Colbert@gmail.com,firefighter
717,Kerrin,MacIntosh,Kerrin.MacIntosh@yopmail.com,Kerrin.MacIntosh@gmail.com,doctor
718,Jorry,Wenda,Jorry.Wenda@yopmail.com,Jorry.Wenda@gmail.com,firefighter
719,Alie,Fancie,Alie.Fancie@yopmail.com,Alie.Fancie@gmail.com,worker
720,Jany,Tatianas,Jany.Tatianas@yopmail.com,Jany.Tatianas@gmail.com,doctor
721,Candy,Rheingold,Candy.Rheingold@yopmail.com,Candy.Rheingold@gmail.com,doctor
722,Leeanne,Nunci,Leeanne.Nunci@yopmail.com,Leeanne.Nunci@gmail.com,developer
723,Charmaine,Heisel,Charmaine.Heisel@yopmail.com,Charmaine.Heisel@gmail.com,doctor
724,Jean,Frendel,Jean.Frendel@yopmail.com,Jean.Frendel@gmail.com,firefighter
725,Ada,Konyn,Ada.Konyn@yopmail.com,Ada.Konyn@gmail.com,doctor
726,Donetta,Arvo,Donetta.Arvo@yopmail.com,Donetta.Arvo@gmail.com,worker
727,Halette,Presber,Halette.Presber@yopmail.com,Halette.Presber@gmail.com,developer
728,Bettine,Goddard,Bettine.Goddard@yopmail.com,Bettine.Goddard@gmail.com,police officer
729,Angela,Quinn,Angela.Quinn@yopmail.com,Angela.Quinn@gmail.com,police officer
730,Sabina,Aurelio,Sabina.Aurelio@yopmail.com,Sabina.Aurelio@gmail.com,firefighter
731,Cathyleen,Regan,Cathyleen.Regan@yopmail.com,Cathyleen.Regan@gmail.com,firefighter
732,Roslyn,Breed,Roslyn.Breed@yopmail.com,Roslyn.Breed@gmail.com,worker
733,Gretal,Garlinda,Gretal.Garlinda@yopmail.com,Gretal.Garlinda@gmail.com,developer
734,Ilse,Evvie,Ilse.Evvie@yopmail.com,Ilse.Evvie@gmail.com,doctor
735,Shandie,Stilwell,Shandie.Stilwell@yopmail.com,Shandie.Stilwell@gmail.com,police officer
736,Alejandra,Bashemeth,Alejandra.Bashemeth@yopmail.com,Alejandra.Bashemeth@gmail.com,worker
737,Perry,Cullin,Perry.Cullin@yopmail.com,Perry.Cullin@gmail.com,firefighter
738,Melisent,Bertold,Melisent.Bertold@yopmail.com,Melisent.Bertold@gmail.com,police officer
739,Roxane,Pond,Roxane.Pond@yopmail.com,Roxane.Pond@gmail.com,firefighter
740,Ann-Marie,Wiener,Ann-Marie.Wiener@yopmail.com,Ann-Marie.Wiener@gmail.com,developer
741,Starla,Masao,Starla.Masao@yopmail.com,Starla.Masao@gmail.com,doctor
742,Antonietta,Ehrman,Antonietta.Ehrman@yopmail.com,Antonietta.Ehrman@gmail.com,firefighter
743,Emma,Adlare,Emma.Adlare@yopmail.com,Emma.Adlare@gmail.com,firefighter
744,Mamie,Corabella,Mamie.Corabella@yopmail.com,Mamie.Corabella@gmail.com,developer
745,Harrietta,Verger,Harrietta.Verger@yopmail.com,Harrietta.Verger@gmail.com,developer
746,Maud,Jarib,Maud.Jarib@yopmail.com,Maud.Jarib@gmail.com,doctor
747,Lisette,Astra,Lisette.Astra@yopmail.com,Lisette.Astra@gmail.com,firefighter
748,Joane,Brian,Joane.Brian@yopmail.com,Joane.Brian@gmail.com,firefighter
749,Cissiee,Virgin,Cissiee.Virgin@yopmail.com,Cissiee.Virgin@gmail.com,developer
750,Lila,Gert,Lila.Gert@yopmail.com,Lila.Gert@gmail.com,doctor
751,Abbie,Kendrick,Abbie.Kendrick@yopmail.com,Abbie.Kendrick@gmail.com,police officer
752,Moyna,Corilla,Moyna.Corilla@yopmail.com,Moyna.Corilla@gmail.com,developer
753,Camile,Jarib,Camile.Jarib@yopmail.com,Camile.Jarib@gmail.com,firefighter
754,Raquela,Norrie,Raquela.Norrie@yopmail.com,Raquela.Norrie@gmail.com,developer
755,Chandra,Jefferey,Chandra.Jefferey@yopmail.com,Chandra.Jefferey@gmail.com,developer
756,Winny,Oscar,Winny.Oscar@yopmail.com,Winny.Oscar@gmail.com,worker
757,Evita,Yate,Evita.Yate@yopmail.com,Evita.Yate@gmail.com,firefighter
758,Eolanda,Naashom,Eolanda.Naashom@yopmail.com,Eolanda.Naashom@gmail.com,police officer
759,Abbie,Friede,Abbie.Friede@yopmail.com,Abbie.Friede@gmail.com,firefighter
760,Gilligan,Ventre,Gilligan.Ventre@yopmail.com,Gilligan.Ventre@gmail.com,police officer
761,Celisse,Daniele,Celisse.Daniele@yopmail.com,Celisse.Daniele@gmail.com,firefighter
762,Leia,Ietta,Leia.Ietta@yopmail.com,Leia.Ietta@gmail.com,doctor
763,Alex,Nance,Alex.Nance@yopmail.com,Alex.Nance@gmail.com,worker
764,Jerry,Cottle,Jerry.Cottle@yopmail.com,Jerry.Cottle@gmail.com,firefighter
765,Esmeralda,Peti,Esmeralda.Peti@yopmail.com,Esmeralda.Peti@gmail.com,worker
766,Gaylene,Winthorpe,Gaylene.Winthorpe@yopmail.com,Gaylene.Winthorpe@gmail.com,developer
767,Carly,Jerold,Carly.Jerold@yopmail.com,Carly.Jerold@gmail.com,doctor
768,Viki,Reinke,Viki.Reinke@yopmail.com,Viki.Reinke@gmail.com,firefighter
769,Fayre,Othilia,Fayre.Othilia@yopmail.com,Fayre.Othilia@gmail.com,worker
770,Isa,Buckler,Isa.Buckler@yopmail.com,Isa.Buckler@gmail.com,worker
771,Stacey,Ochs,Stacey.Ochs@yopmail.com,Stacey.Ochs@gmail.com,firefighter
772,Annabela,Orlene,Annabela.Orlene@yopmail.com,Annabela.Orlene@gmail.com,worker
773,Maridel,Ellerey,Maridel.Ellerey@yopmail.com,Maridel.Ellerey@gmail.com,doctor
774,Ivett,Stefa,Ivett.Stefa@yopmail.com,Ivett.Stefa@gmail.com,doctor
775,Gertrud,Richers,Gertrud.Richers@yopmail.com,Gertrud.Richers@gmail.com,worker
776,Sybille,Kylander,Sybille.Kylander@yopmail.com,Sybille.Kylander@gmail.com,firefighter
777,Chrystel,Bohlin,Chrystel.Bohlin@yopmail.com,Chrystel.Bohlin@gmail.com,firefighter
778,Mireielle,Alisia,Mireielle.Alisia@yopmail.com,Mireielle.Alisia@gmail.com,police officer
779,Lexine,Brandice,Lexine.Brandice@yopmail.com,Lexine.Brandice@gmail.com,doctor
780,Gloria,Newell,Gloria.Newell@yopmail.com,Gloria.Newell@gmail.com,firefighter
781,Marcelline,Anyah,Marcelline.Anyah@yopmail.com,Marcelline.Anyah@gmail.com,worker
782,Shandie,Bollay,Shandie.Bollay@yopmail.com,Shandie.Bollay@gmail.com,firefighter
783,Rivalee,Ramona,Rivalee.Ramona@yopmail.com,Rivalee.Ramona@gmail.com,worker
784,Daryl,Kinnard,Daryl.Kinnard@yopmail.com,Daryl.Kinnard@gmail.com,firefighter
785,Alejandra,Pip,Alejandra.Pip@yopmail.com,Alejandra.Pip@gmail.com,developer
786,Jany,Gualtiero,Jany.Gualtiero@yopmail.com,Jany.Gualtiero@gmail.com,doctor
787,Caritta,Tristram,Caritta.Tristram@yopmail.com,Caritta.Tristram@gmail.com,worker
788,Vinita,Fink,Vinita.Fink@yopmail.com,Vinita.Fink@gmail.com,firefighter
789,Betta,Edvard,Betta.Edvard@yopmail.com,Betta.Edvard@gmail.com,developer
790,Merle,Killigrew,Merle.Killigrew@yopmail.com,Merle.Killigrew@gmail.com,firefighter
791,Blondelle,Winthorpe,Blondelle.Winthorpe@yopmail.com,Blondelle.Winthorpe@gmail.com,developer
792,Teddie,Pascia,Teddie.Pascia@yopmail.com,Teddie.Pascia@gmail.com,worker
793,Lorne,Serilda,Lorne.Serilda@yopmail.com,Lorne.Serilda@gmail.com,developer
794,Shaine,Ciro,Shaine.Ciro@yopmail.com,Shaine.Ciro@gmail.com,doctor
795,Nelle,Milson,Nelle.Milson@yopmail.com,Nelle.Milson@gmail.com,firefighter
796,Jolyn,Martguerita,Jolyn.Martguerita@yopmail.com,Jolyn.Martguerita@gmail.com,developer
797,Yvonne,Pond,Yvonne.Pond@yopmail.com,Yvonne.Pond@gmail.com,police officer
798,Cathyleen,Garrison,Cathyleen.Garrison@yopmail.com,Cathyleen.Garrison@gmail.com,worker
799,Cathie,Goldina,Cathie.Goldina@yopmail.com,Cathie.Goldina@gmail.com,police officer
800,Grier,Marlie,Grier.Marlie@yopmail.com,Grier.Marlie@gmail.com,police officer
801,Anestassia,Orelee,Anestassia.Orelee@yopmail.com,Anestassia.Orelee@gmail.com,developer
802,Henriette,Engdahl,Henriette.Engdahl@yopmail.com,Henriette.Engdahl@gmail.com,firefighter
803,Dione,Adalbert,Dione.Adalbert@yopmail.com,Dione.Adalbert@gmail.com,firefighter
804,Dede,Neva,Dede.Neva@yopmail.com,Dede.Neva@gmail.com,doctor
805,Celestyna,Ferrell,Celestyna.Ferrell@yopmail.com,Celestyna.Ferrell@gmail.com,developer
806,Zsa Zsa,Joeann,Zsa Zsa.Joeann@yopmail.com,Zsa Zsa.Joeann@gmail.com,worker
807,Anallese,Tryck,Anallese.Tryck@yopmail.com,Anallese.Tryck@gmail.com,developer
808,Flory,Craggie,Flory.Craggie@yopmail.com,Flory.Craggie@gmail.com,doctor
809,Nelle,Dulciana,Nelle.Dulciana@yopmail.com,Nelle.Dulciana@gmail.com,firefighter
810,Ashlee,Willie,Ashlee.Willie@yopmail.com,Ashlee.Willie@gmail.com,doctor
811,Nickie,Teryn,Nickie.Teryn@yopmail.com,Nickie.Teryn@gmail.com,doctor
812,Emma,Nisbet,Emma.Nisbet@yopmail.com,Emma.Nisbet@gmail.com,police officer
813,Raina,Jefferey,Raina.Jefferey@yopmail.com,Raina.Jefferey@gmail.com,doctor
814,Lory,Fredi,Lory.Fredi@yopmail.com,Lory.Fredi@gmail.com,developer
815,Kellen,Docilla,Kellen.Docilla@yopmail.com,Kellen.Docilla@gmail.com,worker
816,Roberta,Huggins,Roberta.Huggins@yopmail.com,Roberta.Huggins@gmail.com,developer
817,Merrie,Nickola,Merrie.Nickola@yopmail.com,Merrie.Nickola@gmail.com,doctor
818,Gretal,Adamsen,Gretal.Adamsen@yopmail.com,Gretal.Adamsen@gmail.com,developer
819,Vinita,Stoller,Vinita.Stoller@yopmail.com,Vinita.Stoller@gmail.com,police officer
820,Linzy,Malina,Linzy.Malina@yopmail.com,Linzy.Malina@gmail.com,worker
821,Roseline,Dorine,Roseline.Dorine@yopmail.com,Roseline.Dorine@gmail.com,police officer
822,Sheree,Gower,Sheree.Gower@yopmail.com,Sheree.Gower@gmail.com,doctor
823,Emelina,Adamsen,Emelina.Adamsen@yopmail.com,Emelina.Adamsen@gmail.com,police officer
824,Kathi,Alisia,Kathi.Alisia@yopmail.com,Kathi.Alisia@gmail.com,developer
825,Jemie,Nelsen,Jemie.Nelsen@yopmail.com,Jemie.Nelsen@gmail.com,firefighter
826,Andeee,Keily,Andeee.Keily@yopmail.com,Andeee.Keily@gmail.com,doctor
827,Dione,Sancho,Dione.Sancho@yopmail.com,Dione.Sancho@gmail.com,developer
828,Doro,Abernon,Doro.Abernon@yopmail.com,Doro.Abernon@gmail.com,firefighter
829,Tarra,Chrystel,Tarra.Chrystel@yopmail.com,Tarra.Chrystel@gmail.com,firefighter
830,Robinia,Larochelle,Robinia.Larochelle@yopmail.com,Robinia.Larochelle@gmail.com,firefighter
831,Judy,Lynn,Judy.Lynn@yopmail.com,Judy.Lynn@gmail.com,firefighter
832,Cacilie,Estella,Cacilie.Estella@yopmail.com,Cacilie.Estella@gmail.com,doctor
833,Jeanna,Craggie,Jeanna.Craggie@yopmail.com,Jeanna.Craggie@gmail.com,doctor
834,Aimil,Audly,Aimil.Audly@yopmail.com,Aimil.Audly@gmail.com,firefighter
835,Maud,Llovera,Maud.Llovera@yopmail.com,Maud.Llovera@gmail.com,worker
836,Meriel,Jillane,Meriel.Jillane@yopmail.com,Meriel.Jillane@gmail.com,worker
837,Jacenta,Ricarda,Jacenta.Ricarda@yopmail.com,Jacenta.Ricarda@gmail.com,worker
838,Marguerite,Plato,Marguerite.Plato@yopmail.com,Marguerite.Plato@gmail.com,firefighter
839,Cissiee,Milde,Cissiee.Milde@yopmail.com,Cissiee.Milde@gmail.com,doctor
840,Georgetta,Whiffen,Georgetta.Whiffen@yopmail.com,Georgetta.Whiffen@gmail.com,police officer
841,Gianina,Stilwell,Gianina.Stilwell@yopmail.com,Gianina.Stilwell@gmail.com,worker
842,Corry,Carbo,Corry.Carbo@yopmail.com,Corry.Carbo@gmail.com,worker
843,Harmonia,Dorcy,Harmonia.Dorcy@yopmail.com,Harmonia.Dorcy@gmail.com,worker
844,Sissy,Berl,Sissy.Berl@yopmail.com,Sissy.Berl@gmail.com,worker
845,Margette,Dearborn,Margette.Dearborn@yopmail.com,Margette.Dearborn@gmail.com,developer
846,Jaclyn,Gherardo,Jaclyn.Gherardo@yopmail.com,Jaclyn.Gherardo@gmail.com,doctor
847,Aaren,Fredi,Aaren.Fredi@yopmail.com,Aaren.Fredi@gmail.com,police officer
848,Willetta,Dawkins,Willetta.Dawkins@yopmail.com,Willetta.Dawkins@gmail.com,doctor
849,Katuscha,Stoller,Katuscha.Stoller@yopmail.com,Katuscha.Stoller@gmail.com,doctor
850,Violet,Etom,Violet.Etom@yopmail.com,Violet.Etom@gmail.com,developer
851,Kristan,Palocz,Kristan.Palocz@yopmail.com,Kristan.Palocz@gmail.com,developer
852,Andree,Trey,Andree.Trey@yopmail.com,Andree.Trey@gmail.com,worker
853,Mildrid,Daveta,Mildrid.Daveta@yopmail.com,Mildrid.Daveta@gmail.com,doctor
854,Mireielle,Croix,Mireielle.Croix@yopmail.com,Mireielle.Croix@gmail.com,police officer
855,Chrystel,Sibyls,Chrystel.Sibyls@yopmail.com,Chrystel.Sibyls@gmail.com,developer
856,Nadine,Koehler,Nadine.Koehler@yopmail.com,Nadine.Koehler@gmail.com,police officer
857,Estell,Kermit,Estell.Kermit@yopmail.com,Estell.Kermit@gmail.com,police officer
858,Zondra,Constancy,Zondra.Constancy@yopmail.com,Zondra.Constancy@gmail.com,firefighter
859,Magdalena,Chem,Magdalena.Chem@yopmail.com,Magdalena.Chem@gmail.com,worker
860,Norine,Jess,Norine.Jess@yopmail.com,Norine.Jess@gmail.com,worker
861,Pearline,Garek,Pearline.Garek@yopmail.com,Pearline.Garek@gmail.com,developer
862,Kirbee,Secrest,Kirbee.Secrest@yopmail.com,Kirbee.Secrest@gmail.com,police officer
863,Genevra,Rodmann,Genevra.Rodmann@yopmail.com,Genevra.Rodmann@gmail.com,police officer
864,Moyna,Noam,Moyna.Noam@yopmail.com,Moyna.Noam@gmail.com,worker
865,Rosabelle,Hanshaw,Rosabelle.Hanshaw@yopmail.com,Rosabelle.Hanshaw@gmail.com,worker
866,Lynea,Nelsen,Lynea.Nelsen@yopmail.com,Lynea.Nelsen@gmail.com,police officer
867,Emmey,Gilmour,Emmey.Gilmour@yopmail.com,Emmey.Gilmour@gmail.com,doctor
868,Addia,Ashok,Addia.Ashok@yopmail.com,Addia.Ashok@gmail.com,police officer
869,Jerry,Paine,Jerry.Paine@yopmail.com,Jerry.Paine@gmail.com,worker
870,Candi,Martguerita,Candi.Martguerita@yopmail.com,Candi.Martguerita@gmail.com,firefighter
871,Inga,Armanda,Inga.Armanda@yopmail.com,Inga.Armanda@gmail.com,firefighter
872,Corina,Marisa,Corina.Marisa@yopmail.com,Corina.Marisa@gmail.com,worker
873,Babita,Valerio,Babita.Valerio@yopmail.com,Babita.Valerio@gmail.com,police officer
874,Hildegaard,Glovsky,Hildegaard.Glovsky@yopmail.com,Hildegaard.Glovsky@gmail.com,worker
875,Cindelyn,Roscoe,Cindelyn.Roscoe@yopmail.com,Cindelyn.Roscoe@gmail.com,police officer
876,Harrietta,Eckblad,Harrietta.Eckblad@yopmail.com,Harrietta.Eckblad@gmail.com,firefighter
877,Calla,Merna,Calla.Merna@yopmail.com,Calla.Merna@gmail.com,worker
878,Britni,Philoo,Britni.Philoo@yopmail.com,Britni.Philoo@gmail.com,firefighter
879,Charlena,Kiyoshi,Charlena.Kiyoshi@yopmail.com,Charlena.Kiyoshi@gmail.com,developer
880,Emylee,Eno,Emylee.Eno@yopmail.com,Emylee.Eno@gmail.com,doctor
881,Amalie,Graig,Amalie.Graig@yopmail.com,Amalie.Graig@gmail.com,police officer
882,Minne,Aida,Minne.Aida@yopmail.com,Minne.Aida@gmail.com,firefighter
883,Gavrielle,Israeli,Gavrielle.Israeli@yopmail.com,Gavrielle.Israeli@gmail.com,police officer
884,Tani,Elephus,Tani.Elephus@yopmail.com,Tani.Elephus@gmail.com,doctor
885,Elise,Wyn,Elise.Wyn@yopmail.com,Elise.Wyn@gmail.com,doctor
886,Alyssa,Maryanne,Alyssa.Maryanne@yopmail.com,Alyssa.Maryanne@gmail.com,worker
887,Morganica,Erlandson,Morganica.Erlandson@yopmail.com,Morganica.Erlandson@gmail.com,firefighter
888,Flory,Weaks,Flory.Weaks@yopmail.com,Flory.Weaks@gmail.com,firefighter
889,Kirbee,Ardra,Kirbee.Ardra@yopmail.com,Kirbee.Ardra@gmail.com,police officer
890,Evita,Darrell,Evita.Darrell@yopmail.com,Evita.Darrell@gmail.com,firefighter
891,Nikki,Dowski,Nikki.Dowski@yopmail.com,Nikki.Dowski@gmail.com,doctor
892,Amalie,Truc,Amalie.Truc@yopmail.com,Amalie.Truc@gmail.com,developer
893,Babita,Lamoree,Babita.Lamoree@yopmail.com,Babita.Lamoree@gmail.com,developer
894,Cam,Hertzfeld,Cam.Hertzfeld@yopmail.com,Cam.Hertzfeld@gmail.com,worker
895,Hayley,Monaco,Hayley.Monaco@yopmail.com,Hayley.Monaco@gmail.com,firefighter
896,Emelina,Clara,Emelina.Clara@yopmail.com,Emelina.Clara@gmail.com,developer
897,Courtnay,Francyne,Courtnay.Francyne@yopmail.com,Courtnay.Francyne@gmail.com,developer
898,Cissiee,Stover,Cissiee.Stover@yopmail.com,Cissiee.Stover@gmail.com,doctor
899,Hermione,Byrne,Hermione.Byrne@yopmail.com,Hermione.Byrne@gmail.com,developer
900,Vonny,Nadia,Vonny.Nadia@yopmail.com,Vonny.Nadia@gmail.com,worker
901,Belinda,Ledah,Belinda.Ledah@yopmail.com,Belinda.Ledah@gmail.com,worker
902,Harrietta,Carmena,Harrietta.Carmena@yopmail.com,Harrietta.Carmena@gmail.com,worker
903,Therine,Dex,Therine.Dex@yopmail.com,Therine.Dex@gmail.com,worker
904,Cissiee,Philipp,Cissiee.Philipp@yopmail.com,Cissiee.Philipp@gmail.com,worker
905,Tomasina,Vittoria,Tomasina.Vittoria@yopmail.com,Tomasina.Vittoria@gmail.com,firefighter
906,Tina,Delacourt,Tina.Delacourt@yopmail.com,Tina.Delacourt@gmail.com,developer
907,Karly,Skurnik,Karly.Skurnik@yopmail.com,Karly.Skurnik@gmail.com,firefighter
908,Valli,Eugenia,Valli.Eugenia@yopmail.com,Valli.Eugenia@gmail.com,doctor
909,Kayla,Dorcy,Kayla.Dorcy@yopmail.com,Kayla.Dorcy@gmail.com,developer
910,Celisse,Rugen,Celisse.Rugen@yopmail.com,Celisse.Rugen@gmail.com,doctor
911,Marline,Autrey,Marline.Autrey@yopmail.com,Marline.Autrey@gmail.com,police officer
912,Bobinette,Zuzana,Bobinette.Zuzana@yopmail.com,Bobinette.Zuzana@gmail.com,developer
913,Britte,Ophelia,Britte.Ophelia@yopmail.com,Britte.Ophelia@gmail.com,firefighter
914,Brynna,Dermott,Brynna.Dermott@yopmail.com,Brynna.Dermott@gmail.com,developer
915,Magdalena,Laverne,Magdalena.Laverne@yopmail.com,Magdalena.Laverne@gmail.com,worker
916,Chere,Faro,Chere.Faro@yopmail.com,Chere.Faro@gmail.com,developer
917,Gratia,Grimbly,Gratia.Grimbly@yopmail.com,Gratia.Grimbly@gmail.com,doctor
918,Ronna,McLaughlin,Ronna.McLaughlin@yopmail.com,Ronna.McLaughlin@gmail.com,doctor
919,Robbi,Charity,Robbi.Charity@yopmail.com,Robbi.Charity@gmail.com,doctor
920,Mamie,Nicoline,Mamie.Nicoline@yopmail.com,Mamie.Nicoline@gmail.com,doctor
921,Ivett,Merna,Ivett.Merna@yopmail.com,Ivett.Merna@gmail.com,developer
922,Mariele,Naor,Mariele.Naor@yopmail.com,Mariele.Naor@gmail.com,doctor
923,Christal,Aida,Christal.Aida@yopmail.com,Christal.Aida@gmail.com,firefighter
924,Cristine,Raychel,Cristine.Raychel@yopmail.com,Cristine.Raychel@gmail.com,doctor
925,Mureil,Slifka,Mureil.Slifka@yopmail.com,Mureil.Slifka@gmail.com,doctor
926,Kimmy,Eldrid,Kimmy.Eldrid@yopmail.com,Kimmy.Eldrid@gmail.com,police officer
927,Brietta,Peti,Brietta.Peti@yopmail.com,Brietta.Peti@gmail.com,worker
928,Binny,Norvol,Binny.Norvol@yopmail.com,Binny.Norvol@gmail.com,doctor
929,Brena,Fredi,Brena.Fredi@yopmail.com,Brena.Fredi@gmail.com,firefighter
930,Lanna,Wiener,Lanna.Wiener@yopmail.com,Lanna.Wiener@gmail.com,developer
931,Dennie,Mandler,Dennie.Mandler@yopmail.com,Dennie.Mandler@gmail.com,worker
932,Fayre,Carey,Fayre.Carey@yopmail.com,Fayre.Carey@gmail.com,developer
933,Linzy,Milde,Linzy.Milde@yopmail.com,Linzy.Milde@gmail.com,police officer
934,Melisent,Fulmer,Melisent.Fulmer@yopmail.com,Melisent.Fulmer@gmail.com,police officer
935,Claudina,Bonilla,Claudina.Bonilla@yopmail.com,Claudina.Bonilla@gmail.com,firefighter
936,Susan,Astra,Susan.Astra@yopmail.com,Susan.Astra@gmail.com,worker
937,Deloria,Sisile,Deloria.Sisile@yopmail.com,Deloria.Sisile@gmail.com,police officer
938,Danny,Bryna,Danny.Bryna@yopmail.com,Danny.Bryna@gmail.com,police officer
939,Ileana,Mauer,Ileana.Mauer@yopmail.com,Ileana.Mauer@gmail.com,doctor
940,Maridel,Sallyann,Maridel.Sallyann@yopmail.com,Maridel.Sallyann@gmail.com,doctor
941,Gusella,Valoniah,Gusella.Valoniah@yopmail.com,Gusella.Valoniah@gmail.com,doctor
942,Fred,Jena,Fred.Jena@yopmail.com,Fred.Jena@gmail.com,police officer
943,Jessy,Cottle,Jessy.Cottle@yopmail.com,Jessy.Cottle@gmail.com,developer
944,Rani,Dyche,Rani.Dyche@yopmail.com,Rani.Dyche@gmail.com,doctor
945,Rhea,Stefa,Rhea.Stefa@yopmail.com,Rhea.Stefa@gmail.com,firefighter
946,Vevay,Pauly,Vevay.Pauly@yopmail.com,Vevay.Pauly@gmail.com,developer
947,Teriann,Gregrory,Teriann.Gregrory@yopmail.com,Teriann.Gregrory@gmail.com,doctor
948,Bertine,Kenney,Bertine.Kenney@yopmail.com,Bertine.Kenney@gmail.com,firefighter
949,Alameda,Wittie,Alameda.Wittie@yopmail.com,Alameda.Wittie@gmail.com,firefighter
950,Konstance,Brandice,Konstance.Brandice@yopmail.com,Konstance.Brandice@gmail.com,doctor
951,Chloris,Flyn,Chloris.Flyn@yopmail.com,Chloris.Flyn@gmail.com,worker
952,Carmencita,Evangelia,Carmencita.Evangelia@yopmail.com,Carmencita.Evangelia@gmail.com,firefighter
953,Celestyna,Doig,Celestyna.Doig@yopmail.com,Celestyna.Doig@gmail.com,doctor
954,Jillayne,My,Jillayne.My@yopmail.com,Jillayne.My@gmail.com,doctor
955,Aurelie,Hermes,Aurelie.Hermes@yopmail.com,Aurelie.Hermes@gmail.com,firefighter
956,Willetta,Henrie,Willetta.Henrie@yopmail.com,Willetta.Henrie@gmail.com,developer
957,Clary,Noman,Clary.Noman@yopmail.com,Clary.Noman@gmail.com,worker
958,Jackie,Dosia,Jackie.Dosia@yopmail.com,Jackie.Dosia@gmail.com,worker
959,Lelah,Gunn,Lelah.Gunn@yopmail.com,Lelah.Gunn@gmail.com,police officer
960,Gabriellia,Adlare,Gabriellia.Adlare@yopmail.com,Gabriellia.Adlare@gmail.com,doctor
961,Marylou,Adamsen,Marylou.Adamsen@yopmail.com,Marylou.Adamsen@gmail.com,developer
962,Sadie,Emanuel,Sadie.Emanuel@yopmail.com,Sadie.Emanuel@gmail.com,developer
963,Mady,Burch,Mady.Burch@yopmail.com,Mady.Burch@gmail.com,worker
964,Taffy,Liva,Taffy.Liva@yopmail.com,Taffy.Liva@gmail.com,firefighter
965,Lesly,Pulsifer,Lesly.Pulsifer@yopmail.com,Lesly.Pulsifer@gmail.com,police officer
966,Britni,Masao,Britni.Masao@yopmail.com,Britni.Masao@gmail.com,doctor
967,Jaclyn,Kellby,Jaclyn.Kellby@yopmail.com,Jaclyn.Kellby@gmail.com,worker
968,Frieda,Crudden,Frieda.Crudden@yopmail.com,Frieda.Crudden@gmail.com,firefighter
969,Alleen,Gualtiero,Alleen.Gualtiero@yopmail.com,Alleen.Gualtiero@gmail.com,firefighter
970,Willetta,Odell,Willetta.Odell@yopmail.com,Willetta.Odell@gmail.com,developer
971,Livvyy,Faro,Livvyy.Faro@yopmail.com,Livvyy.Faro@gmail.com,worker
972,Nanete,Cullin,Nanete.Cullin@yopmail.com,Nanete.Cullin@gmail.com,worker
973,Doralynne,Lay,Doralynne.Lay@yopmail.com,Doralynne.Lay@gmail.com,developer
974,Lucille,Buffum,Lucille.Buffum@yopmail.com,Lucille.Buffum@gmail.com,firefighter
975,Ada,Ader,Ada.Ader@yopmail.com,Ada.Ader@gmail.com,doctor
976,Roxane,Cornelia,Roxane.Cornelia@yopmail.com,Roxane.Cornelia@gmail.com,worker
977,Frances,Wattenberg,Frances.Wattenberg@yopmail.com,Frances.Wattenberg@gmail.com,worker
978,Marita,Dahlia,Marita.Dahlia@yopmail.com,Marita.Dahlia@gmail.com,developer
979,Amalie,Philoo,Amalie.Philoo@yopmail.com,Amalie.Philoo@gmail.com,developer
980,Noelle,Demitria,Noelle.Demitria@yopmail.com,Noelle.Demitria@gmail.com,police officer
981,Constance,Cloris,Constance.Cloris@yopmail.com,Constance.Cloris@gmail.com,firefighter
982,Asia,Schenck,Asia.Schenck@yopmail.com,Asia.Schenck@gmail.com,developer
983,Kate,Faria,Kate.Faria@yopmail.com,Kate.Faria@gmail.com,doctor
984,Jan,Naashom,Jan.Naashom@yopmail.com,Jan.Naashom@gmail.com,firefighter
985,Dulcinea,Lory,Dulcinea.Lory@yopmail.com,Dulcinea.Lory@gmail.com,worker
986,Meg,Gabrielli,Meg.Gabrielli@yopmail.com,Meg.Gabrielli@gmail.com,police officer
987,Sam,Thornburg,Sam.Thornburg@yopmail.com,Sam.Thornburg@gmail.com,doctor
988,Viki,Suanne,Viki.Suanne@yopmail.com,Viki.Suanne@gmail.com,firefighter
989,Elbertina,Vharat,Elbertina.Vharat@yopmail.com,Elbertina.Vharat@gmail.com,police officer
990,Norine,Juan,Norine.Juan@yopmail.com,Norine.Juan@gmail.com,worker
991,Sidoney,Arne,Sidoney.Arne@yopmail.com,Sidoney.Arne@gmail.com,worker
992,Leona,Terencio,Leona.Terencio@yopmail.com,Leona.Terencio@gmail.com,firefighter
993,Tressa,Pacorro,Tressa.Pacorro@yopmail.com,Tressa.Pacorro@gmail.com,doctor
994,Alia,Viddah,Alia.Viddah@yopmail.com,Alia.Viddah@gmail.com,worker
995,Hollie,Madelene,Hollie.Madelene@yopmail.com,Hollie.Madelene@gmail.com,firefighter
996,Bernie,Sharl,Bernie.Sharl@yopmail.com,Bernie.Sharl@gmail.com,developer
997,Theodora,Hourigan,Theodora.Hourigan@yopmail.com,Theodora.Hourigan@gmail.com,worker
998,Leontine,Orpah,Leontine.Orpah@yopmail.com,Leontine.Orpah@gmail.com,doctor
999,Candy,Thunell,Candy.Thunell@yopmail.com,Candy.Thunell@gmail.com,developer
1000,Aryn,Hanshaw,Aryn.Hanshaw@yopmail.com,Aryn.Hanshaw@gmail.com,doctor
1001,Helena,Winthorpe,Helena.Winthorpe@yopmail.com,Helena.Winthorpe@gmail.com,doctor
1002,Nerta,Yoko,Nerta.Yoko@yopmail.com,Nerta.Yoko@gmail.com,developer
1003,Selia,Rad,Selia.Rad@yopmail.com,Selia.Rad@gmail.com,firefighter
1004,Gratia,An,Gratia.An@yopmail.com,Gratia.An@gmail.com,worker
1005,Melisent,Lory,Melisent.Lory@yopmail.com,Melisent.Lory@gmail.com,doctor
1006,Fanchon,Christal,Fanchon.Christal@yopmail.com,Fanchon.Christal@gmail.com,firefighter
1007,Hannis,Dash,Hannis.Dash@yopmail.com,Hannis.Dash@gmail.com,firefighter
1008,Emilia,Aida,Emilia.Aida@yopmail.com,Emilia.Aida@gmail.com,police officer
1009,Cathyleen,Hurley,Cathyleen.Hurley@yopmail.com,Cathyleen.Hurley@gmail.com,developer
1010,Aimil,Francene,Aimil.Francene@yopmail.com,Aimil.Francene@gmail.com,doctor
1011,Tobe,Pitt,Tobe.Pitt@yopmail.com,Tobe.Pitt@gmail.com,developer
1012,Anallese,Decato,Anallese.Decato@yopmail.com,Anallese.Decato@gmail.com,worker
1013,Hannis,Kauppi,Hannis.Kauppi@yopmail.com,Hannis.Kauppi@gmail.com,doctor
1014,Marika,Stefa,Marika.Stefa@yopmail.com,Marika.Stefa@gmail.com,worker
1015,Celene,Brenn,Celene.Brenn@yopmail.com,Celene.Brenn@gmail.com,worker
1016,Alyda,Codding,Alyda.Codding@yopmail.com,Alyda.Codding@gmail.com,developer
1017,Janeczka,Erskine,Janeczka.Erskine@yopmail.com,Janeczka.Erskine@gmail.com,police officer
1018,Max,Whiffen,Max.Whiffen@yopmail.com,Max.Whiffen@gmail.com,worker
1019,Silvana,Thema,Silvana.Thema@yopmail.com,Silvana.Thema@gmail.com,police officer
1020,Valli,Croix,Valli.Croix@yopmail.com,Valli.Croix@gmail.com,developer
1021,Teddie,Garrison,Teddie.Garrison@yopmail.com,Teddie.Garrison@gmail.com,firefighter
1022,Lila,Killigrew,Lila.Killigrew@yopmail.com,Lila.Killigrew@gmail.com,developer
1023,Desirae,Zitvaa,Desirae.Zitvaa@yopmail.com,Desirae.Zitvaa@gmail.com,worker
1024,Viki,Leifeste,Viki.Leifeste@yopmail.com,Viki.Leifeste@gmail.com,doctor
1025,Gratia,Tarrant,Gratia.Tarrant@yopmail.com,Gratia.Tarrant@gmail.com,developer
1026,Phylis,Artie,Phylis.Artie@yopmail.com,Phylis.Artie@gmail.com,doctor
1027,Jobi,Salvidor,Jobi.Salvidor@yopmail.com,Jobi.Salvidor@gmail.com,police officer
1028,Blake,Ader,Blake.Ader@yopmail.com,Blake.Ader@gmail.com,police officer
1029,Lily,Baylor,Lily.Baylor@yopmail.com,Lily.Baylor@gmail.com,police officer
1030,Maurene,Secrest,Maurene.Secrest@yopmail.com,Maurene.Secrest@gmail.com,firefighter
1031,Joeann,Hermes,Joeann.Hermes@yopmail.com,Joeann.Hermes@gmail.com,worker
1032,Anica,Cath,Anica.Cath@yopmail.com,Anica.Cath@gmail.com,firefighter
1033,Misha,Ader,Misha.Ader@yopmail.com,Misha.Ader@gmail.com,police officer
1034,Aurore,Toni,Aurore.Toni@yopmail.com,Aurore.Toni@gmail.com,worker
1035,Violet,Morehouse,Violet.Morehouse@yopmail.com,Violet.Morehouse@gmail.com,worker
1036,Jacquetta,Azeria,Jacquetta.Azeria@yopmail.com,Jacquetta.Azeria@gmail.com,firefighter
1037,Deedee,Ashok,Deedee.Ashok@yopmail.com,Deedee.Ashok@gmail.com,worker
1038,Amelia,Oneida,Amelia.Oneida@yopmail.com,Amelia.Oneida@gmail.com,worker
1039,Esmeralda,Tybald,Esmeralda.Tybald@yopmail.com,Esmeralda.Tybald@gmail.com,worker
1040,Jany,Alfons,Jany.Alfons@yopmail.com,Jany.Alfons@gmail.com,firefighter
1041,Justinn,Clywd,Justinn.Clywd@yopmail.com,Justinn.Clywd@gmail.com,police officer
1042,Eolanda,Belanger,Eolanda.Belanger@yopmail.com,Eolanda.Belanger@gmail.com,police officer
1043,Rivalee,Ralfston,Rivalee.Ralfston@yopmail.com,Rivalee.Ralfston@gmail.com,police officer
1044,Emelina,Fennessy,Emelina.Fennessy@yopmail.com,Emelina.Fennessy@gmail.com,police officer
1045,Shannah,Berl,Shannah.Berl@yopmail.com,Shannah.Berl@gmail.com,developer
1046,Queenie,Tamar,Queenie.Tamar@yopmail.com,Queenie.Tamar@gmail.com,police officer
1047,Aurore,Annice,Aurore.Annice@yopmail.com,Aurore.Annice@gmail.com,worker
1048,Carlie,Rosalba,Carlie.Rosalba@yopmail.com,Carlie.Rosalba@gmail.com,doctor
1049,Dorice,Ellord,Dorice.Ellord@yopmail.com,Dorice.Ellord@gmail.com,worker
1050,Neila,Kress,Neila.Kress@yopmail.com,Neila.Kress@gmail.com,police officer
1051,Deirdre,Pond,Deirdre.Pond@yopmail.com,Deirdre.Pond@gmail.com,police officer
1052,Jsandye,Hurley,Jsandye.Hurley@yopmail.com,Jsandye.Hurley@gmail.com,doctor
1053,Ethel,Belldas,Ethel.Belldas@yopmail.com,Ethel.Belldas@gmail.com,worker
1054,Josephine,Berriman,Josephine.Berriman@yopmail.com,Josephine.Berriman@gmail.com,developer
1055,Tabbatha,Wilona,Tabbatha.Wilona@yopmail.com,Tabbatha.Wilona@gmail.com,doctor
1056,Minda,Merriott,Minda.Merriott@yopmail.com,Minda.Merriott@gmail.com,worker
1057,Laure,Kazimir,Laure.Kazimir@yopmail.com,Laure.Kazimir@gmail.com,developer
1058,Cassondra,Richers,Cassondra.Richers@yopmail.com,Cassondra.Richers@gmail.com,worker
1059,Elora,Pitt,Elora.Pitt@yopmail.com,Elora.Pitt@gmail.com,firefighter
1060,Jessamyn,Nikaniki,Jessamyn.Nikaniki@yopmail.com,Jessamyn.Nikaniki@gmail.com,firefighter
1061,Elvira,Cloris,Elvira.Cloris@yopmail.com,Elvira.Cloris@gmail.com,doctor
1062,Jan,Trace,Jan.Trace@yopmail.com,Jan.Trace@gmail.com,police officer
1063,Caritta,Daniele,Caritta.Daniele@yopmail.com,Caritta.Daniele@gmail.com,police officer
1064,Rozele,Chauncey,Rozele.Chauncey@yopmail.com,Rozele.Chauncey@gmail.com,worker
1065,Pamella,Truc,Pamella.Truc@yopmail.com,Pamella.Truc@gmail.com,worker
1066,Minne,Jacinda,Minne.Jacinda@yopmail.com,Minne.Jacinda@gmail.com,worker
1067,Deloria,Linehan,Deloria.Linehan@yopmail.com,Deloria.Linehan@gmail.com,police officer
1068,Marti,Pillsbury,Marti.Pillsbury@yopmail.com,Marti.Pillsbury@gmail.com,developer
1069,Calla,Obed,Calla.Obed@yopmail.com,Calla.Obed@gmail.com,developer
1070,Jackie,Howlyn,Jackie.Howlyn@yopmail.com,Jackie.Howlyn@gmail.com,police officer
1071,Nerta,Fontana,Nerta.Fontana@yopmail.com,Nerta.Fontana@gmail.com,developer
1072,Georgetta,Bertold,Georgetta.Bertold@yopmail.com,Georgetta.Bertold@gmail.com,doctor
1073,Lulita,Bertold,Lulita.Bertold@yopmail.com,Lulita.Bertold@gmail.com,worker
1074,Isa,Brian,Isa.Brian@yopmail.com,Isa.Brian@gmail.com,police officer
1075,Lusa,Infield,Lusa.Infield@yopmail.com,Lusa.Infield@gmail.com,firefighter
1076,Diena,Malina,Diena.Malina@yopmail.com,Diena.Malina@gmail.com,worker
1077,Hettie,Fiester,Hettie.Fiester@yopmail.com,Hettie.Fiester@gmail.com,doctor
1078,Pollyanna,Bandeen,Pollyanna.Bandeen@yopmail.com,Pollyanna.Bandeen@gmail.com,doctor
1079,Konstance,Guthrie,Konstance.Guthrie@yopmail.com,Konstance.Guthrie@gmail.com,developer
1080,Tilly,Berl,Tilly.Berl@yopmail.com,Tilly.Berl@gmail.com,police officer
1081,Nyssa,Serilda,Nyssa.Serilda@yopmail.com,Nyssa.Serilda@gmail.com,firefighter
1082,Nananne,Peti,Nananne.Peti@yopmail.com,Nananne.Peti@gmail.com,developer
1083,Silvana,Ciro,Silvana.Ciro@yopmail.com,Silvana.Ciro@gmail.com,police officer
1084,Phedra,Erich,Phedra.Erich@yopmail.com,Phedra.Erich@gmail.com,police officer
1085,Darlleen,Masao,Darlleen.Masao@yopmail.com,Darlleen.Masao@gmail.com,doctor
1086,Carree,Roxanna,Carree.Roxanna@yopmail.com,Carree.Roxanna@gmail.com,firefighter
1087,Michaelina,Hanshaw,Michaelina.Hanshaw@yopmail.com,Michaelina.Hanshaw@gmail.com,worker
1088,Gusella,Azeria,Gusella.Azeria@yopmail.com,Gusella.Azeria@gmail.com,police officer
1089,Camile,Fancie,Camile.Fancie@yopmail.com,Camile.Fancie@gmail.com,doctor
1090,Raf,Leonard,Raf.Leonard@yopmail.com,Raf.Leonard@gmail.com,firefighter
1091,Annora,Rooney,Annora.Rooney@yopmail.com,Annora.Rooney@gmail.com,worker
1092,Harrietta,Corilla,Harrietta.Corilla@yopmail.com,Harrietta.Corilla@gmail.com,developer
1093,Sybille,Xerxes,Sybille.Xerxes@yopmail.com,Sybille.Xerxes@gmail.com,doctor
1094,Eolanda,Pacorro,Eolanda.Pacorro@yopmail.com,Eolanda.Pacorro@gmail.com,firefighter
1095,Justinn,Maples,Justinn.Maples@yopmail.com,Justinn.Maples@gmail.com,developer
1096,Tori,Boehike,Tori.Boehike@yopmail.com,Tori.Boehike@gmail.com,doctor
1097,Tani,Berl,Tani.Berl@yopmail.com,Tani.Berl@gmail.com,police officer
1098,Daryl,Stav,Daryl.Stav@yopmail.com,Daryl.Stav@gmail.com,police officer
1099,Blinni,Ajay,Blinni.Ajay@yopmail.com,Blinni.Ajay@gmail.com,doctor